date,index,ratio,odds,hcount,before,after,
2011/4/24,1,0.242,3.5,18,7279317,1764941,
2011/4/24,2,0.167,6.1,14,1764941,294456,
2011/4/24,3,0.197,5.5,14,294456,58109,
2011/4/24,4,0.123,5.1,12,58109,7170,
2011/4/24,5,0.092,10.8,18,7170,663,
2011/5/1,1,0.039,16.8,16,9350589,368621,
2011/5/1,2,0.205,4.7,15,368621,75709,
2011/5/1,3,0.309,3.0,15,75709,23378,
2011/5/1,4,0.262,3.5,13,23378,6122,
2011/5/1,5,0.052,16.9,17,6122,316,
2011/5/8,1,0.166,4.5,12,8930283,1485635,
2011/5/8,2,0.298,3.2,16,1485635,442036,
2011/5/8,3,0.271,4.6,14,442036,119893,
2011/5/8,4,0.051,11.6,15,119893,6060,
2011/5/8,5,0.213,4.6,18,6060,1288,
2011/5/15,1,0.298,3.1,14,10554714,3148126,
2011/5/15,2,0.048,13.7,16,3148126,150001,
2011/5/15,3,0.149,5.9,16,150001,22404,
2011/5/15,4,0.018,19.9,16,22404,402,
2011/5/15,5,0.254,4.1,17,402,102,
2011/5/22,1,0.203,4.8,14,12087947,2449878,
2011/5/22,2,0.139,6.0,16,2449878,341321,
2011/5/22,3,0.008,31.4,14,341321,2648,
2011/5/22,4,0.205,4.8,14,2648,543,
2011/5/22,5,0.011,37.2,18,543,6,
2011/5/29,1,0.294,2.5,15,12379910,3637054,
2011/5/29,2,0.362,2.9,18,3637054,1316329,
2011/5/29,3,0.348,3.3,12,1316329,457639,
2011/5/29,4,0.011,18.5,10,457639,5207,
2011/5/29,5,0.316,3.0,17,5207,1646,
2011/6/5,1,0.128,8.3,16,13076476,1668177,
2011/6/5,2,0.157,7.6,13,1668177,262731,
2011/6/5,3,0.191,4.4,8,262731,50205,
2011/6/5,4,0.107,6.9,10,50205,5365,
2011/6/5,5,0.025,29.3,18,5365,136,
2011/6/12,1,0.024,18.4,12,12379688,295338,
2011/6/12,2,0.053,10.3,15,295338,15705,
2011/6/12,3,0.014,97.6,15,15705,214,
2011/6/12,4,0.103,3.5,16,214,22,
2011/6/12,5,0.318,2.4,18,22,7,
2011/6/19,1,0.444,1.7,8,12787265,5683065,
2011/6/19,2,0.342,2.4,10,5683065,1940989,
2011/6/19,3,0.048,12.1,10,1940989,93049,
2011/6/19,4,0.154,5.6,13,93049,14328,
2011/6/19,5,0.221,5.2,12,14328,3171,
2011/6/26,1,0.028,28.5,16,14460546,398687,
2011/6/26,2,0.086,6.2,9,398687,34208,
2011/6/26,3,0.014,74.2,13,34208,467,
2011/6/26,4,0.152,2.4,14,467,71,
2011/6/26,5,0.042,13.6,16,71,3,
2011/7/3,1,0.217,4.0,14,22630035,4915542,
2011/7/3,2,0.461,1.6,11,4915542,2264466,
2011/7/3,3,0.351,2.7,12,2264466,794733,
2011/7/3,4,0.615,1.5,11,794733,488377,
2011/7/3,5,0.222,4.6,11,488377,108638,
2011/7/10,1,0.045,14.0,16,14554230,661446,
2011/7/10,2,0.110,8.2,16,661446,72948,
2011/7/10,3,0.075,8.9,9,72948,5475,
2011/7/10,4,0.093,44.8,16,5475,508,
2011/7/10,5,0.031,17.7,17,508,16,
2011/7/17,1,0.201,4.1,9,12798380,2567446,
2011/7/17,2,0.054,9.9,13,2567446,139826,
2011/7/17,3,0.331,2.2,10,139826,46314,
2011/7/17,4,0.512,1.5,12,46314,23707,
2011/7/17,5,0.208,3.4,15,23707,4932,
2011/7/24,1,0.280,2.8,16,12490763,3492141,
2011/7/24,2,0.593,1.4,12,3492141,2070981,
2011/7/24,3,0.124,7.6,16,2070981,256188,
2011/7/24,4,0.359,2.8,8,256188,91852,
2011/7/24,5,0.001,343.0,15,91852,60,
2011/7/31,1,0.178,4.5,16,11748155,2089070,
2011/7/31,2,0.282,3.3,12,2089070,588615,
2011/7/31,3,0.479,1.8,11,588615,282094,
2011/7/31,4,0.119,7.6,18,282094,33654,
2011/7/31,5,0.045,9.8,14,33654,1499,
2011/8/7,1,0.390,1.8,10,11717933,4566721,
2011/8/7,2,0.241,2.7,15,4566721,1100139,
2011/8/7,3,0.252,3.8,13,1100139,277440,
2011/8/7,4,0.518,1.8,16,277440,143653,
2011/8/7,5,0.060,9.4,12,143653,8594,
2011/8/14,1,0.196,4.6,15,11683454,2290738,
2011/8/14,2,0.211,3.9,15,2290738,482925,
2011/8/14,3,0.337,2.7,14,482925,162555,
2011/8/14,4,0.026,17.0,16,162555,4177,
2011/8/14,5,0.201,4.7,10,4177,840,
2011/8/21,1,0.310,3.0,15,12147252,3762012,
2011/8/21,2,0.140,7.2,15,3762012,527042,
2011/8/21,3,0.231,3.0,13,527042,121775,
2011/8/21,4,0.028,12.4,10,121775,3453,
2011/8/21,5,0.267,2.9,15,3453,922,
2011/8/28,1,0.154,5.5,10,12802489,1975095,
2011/8/28,2,0.254,4.2,13,1975095,502495,
2011/8/28,3,0.428,1.9,16,502495,215235,
2011/8/28,4,0.197,3.9,11,215235,42437,
2011/8/28,5,0.080,8.2,11,42437,3400,
2011/9/4,1,0.081,10.4,18,11555674,938286,
2011/9/4,2,0.007,68.0,15,938286,6122,
2011/9/4,3,0.025,38.0,13,6122,153,
2011/9/4,4,0.118,3.9,13,153,18,
2011/9/4,5,0.000,13.1,18,18,0,
2011/9/11,1,0.294,2.3,14,28327503,8324364,
2011/9/11,2,0.033,23.3,12,8324364,272918,
2011/9/11,3,0.185,5.2,7,272918,50482,
2011/9/11,4,0.184,6.4,15,50482,9313,
2011/9/11,5,0.314,3.6,14,9313,2920,
2011/9/18,1,0.319,3.1,13,12712645,4056405,
2011/9/18,2,0.104,7.8,16,4056405,420366,
2011/9/18,3,0.017,20.2,16,420366,7088,
2011/9/18,4,0.296,2.8,14,7088,2096,
2011/9/18,5,0.031,21.8,17,2096,65,
2011/9/25,1,0.097,8.1,13,13973167,1360644,
2011/9/25,2,0.108,8.2,16,1360644,146763,
2011/9/25,3,0.050,18.7,14,146763,7389,
2011/9/25,4,0.535,1.7,11,7389,3953,
2011/9/25,5,0.690,1.4,9,3953,2727,
2011/10/2,1,0.446,1.8,9,11977736,5346583,
2011/10/2,2,0.570,1.4,12,5346583,3045656,
2011/10/2,3,0.101,8.1,16,3045656,308724,
2011/10/2,4,0.221,4.2,15,308724,68272,
2011/10/2,5,0.077,11.2,15,68272,5267,
2011/10/9,1,0.205,4.2,9,11165641,2285332,
2011/10/9,2,0.224,4.3,14,2285332,510902,
2011/10/9,3,0.107,9.9,15,510902,54447,
2011/10/9,4,0.529,1.8,8,54447,28829,
2011/10/9,5,0.428,2.0,11,28829,12336,
2011/10/10,1,0.182,4.9,12,9042669,1648344,
2011/10/10,2,0.063,10.1,16,1648344,103640,
2011/10/10,3,0.383,1.9,9,103640,39644,
2011/10/10,4,0.492,1.6,14,39644,19502,
2011/10/10,5,0.091,7.1,7,19502,1766,
2011/10/16,1,0.127,8.2,16,12067519,1527534,
2011/10/16,2,0.065,12.8,15,1527534,98550,
2011/10/16,3,0.236,3.5,15,98550,23217,
2011/10/16,4,0.114,9.6,16,23217,2648,
2011/10/16,5,0.275,3.1,18,2648,728,
2011/10/23,1,0.108,7.9,11,12234161,1319028,
2011/10/23,2,0.008,57.0,18,1319028,10155,
2011/10/23,3,0.030,27.6,16,10155,308,
2011/10/23,4,0.146,5.5,16,308,45,
2011/10/23,5,0.578,1.4,18,45,26,
2011/10/30,1,0.077,10.4,16,10984551,848255,
2011/10/30,2,0.122,7.5,16,848255,103772,
2011/10/30,3,0.010,77.7,17,103772,998,
2011/10/30,4,0.160,4.0,18,998,160,
2011/10/30,5,0.031,33.3,17,160,5,
2011/11/6,1,0.502,1.4,14,10056618,5048086,
2011/11/6,2,0.304,2.9,16,5048086,1536220,
2011/11/6,3,0.375,2.6,11,1536220,575365,
2011/11/6,4,0.178,6.3,18,575365,102393,
2011/11/6,5,0.523,1.6,15,102393,53509,
2011/11/13,1,0.359,2.2,14,10128419,3633949,
2011/11/13,2,0.357,2.6,10,3633949,1298479,
2011/11/13,3,0.383,2.6,17,1298479,497619,
2011/11/13,4,0.033,13.3,16,497619,16458,
2011/11/13,5,0.236,2.7,18,16458,3883,
2011/11/20,1,0.265,3.2,18,9830637,2608129,
2011/11/20,2,0.085,9.3,13,2608129,221768,
2011/11/20,3,0.491,1.9,18,221768,108866,
2011/11/20,4,0.024,17.0,16,108866,2639,
2011/11/20,5,0.125,9.8,18,2639,331,
2011/11/27,1,0.073,8.6,17,9883163,718351,
2011/11/27,2,0.175,4.9,17,718351,125422,
2011/11/27,3,0.032,14.8,9,125422,4014,
2011/11/27,4,0.199,4.8,16,4014,800,
2011/11/27,5,0.252,3.4,16,800,202,
2011/12/4,1,0.041,15.4,16,10203958,420601,
2011/12/4,2,0.121,5.9,15,420601,50912,
2011/12/4,3,0.003,114.1,15,50912,135,
2011/12/4,4,0.237,2.3,14,135,32,
2011/12/4,5,0.531,2.0,16,32,17,
2011/12/11,1,0.048,15.2,12,9949713,482499,
2011/12/11,2,0.139,4.8,14,482499,66966,
2011/12/11,3,0.160,3.9,15,66966,10712,
2011/12/11,4,0.342,3.0,12,10712,3662,
2011/12/11,5,0.094,6.8,18,3662,345,
2011/12/18,1,0.086,8.0,16,10498340,903826,
2011/12/18,2,0.364,2.1,9,903826,329104,
2011/12/18,3,0.252,3.1,16,329104,82923,
2011/12/18,4,0.099,8.1,16,82923,8204,
2011/12/18,5,0.010,32.6,15,8204,85,
2011/12/25,1,0.414,1.9,8,15462026,6406388,
2011/12/25,2,0.122,6.2,16,6406388,783076,
2011/12/25,3,0.008,64.9,16,783076,6307,
2011/12/25,4,0.416,1.8,16,6307,2621,
2011/12/25,5,0.378,2.2,13,2621,991,
2012/1/5,1,0.249,3.8,16,7626842,1897303,
2012/1/5,2,0.036,17.2,16,1897303,67844,
2012/1/5,3,0.018,27.7,11,67844,1195,
2012/1/5,4,0.186,5.7,16,1195,222,
2012/1/5,5,0.104,5.9,16,222,23,
2012/1/8,1,0.450,2.0,13,8962611,4030862,
2012/1/8,2,0.255,3.8,12,4030862,1028676,
2012/1/8,3,0.009,61.1,14,1028676,9460,
2012/1/8,4,0.316,2.3,16,9460,2992,
2012/1/8,5,0.181,4.0,15,2992,541,
2012/1/15,1,0.253,3.5,14,9856565,2497796,
2012/1/15,2,0.608,1.4,13,2497796,1518729,
2012/1/15,3,0.297,3.0,16,1518729,451182,
2012/1/15,4,0.199,4.5,16,451182,89946,
2012/1/15,5,0.554,1.6,12,89946,49839,
2012/1/22,1,0.177,4.1,15,10339984,1827231,
2012/1/22,2,0.041,15.4,15,1827231,75097,
2012/1/22,3,0.037,22.4,11,75097,2802,
2012/1/22,4,0.621,1.4,11,2802,1741,
2012/1/22,5,0.011,56.4,16,1741,20,
2012/1/29,1,0.063,9.9,11,9451197,590852,
2012/1/29,2,0.268,2.7,15,590852,158593,
2012/1/29,3,0.015,32.4,15,158593,2443,
2012/1/29,4,0.160,4.4,16,2443,391,
2012/1/29,5,0.090,9.5,15,391,35,
2012/2/5,1,0.213,3.9,16,9599059,2047420,
2012/2/5,2,0.309,2.8,14,2047420,631878,
2012/2/5,3,0.371,2.3,10,631878,234617,
2012/2/5,4,0.449,2.1,13,234617,105351,
2012/2/5,5,0.030,16.8,16,105351,3174,
2012/2/12,1,0.170,4.2,15,9915145,1687476,
2012/2/12,2,0.289,3.1,14,1687476,487778,
2012/2/12,3,0.082,9.3,14,487778,39913,
2012/2/12,4,0.045,14.5,9,39913,1814,
2012/2/12,5,0.228,4.1,11,1814,413,
2012/2/19,1,0.072,15.4,15,10215819,734805,
2012/2/19,2,0.244,2.8,16,734805,179638,
2012/2/19,3,0.157,4.4,14,179638,28156,
2012/2/19,4,0.481,1.7,16,28156,13550,
2012/2/19,5,0.016,24.3,16,13550,218,
2012/2/26,1,0.094,8.5,11,10348404,973881,
2012/2/26,2,0.144,6.2,16,973881,140018,
2012/2/26,3,0.243,2.7,16,140018,34040,
2012/2/26,4,0.084,10.2,16,34040,2858,
2012/2/26,5,0.143,6.4,11,2858,408,
2012/3/4,1,0.072,9.3,9,10357381,742387,
2012/3/4,2,0.210,3.6,11,742387,155991,
2012/3/4,3,0.069,13.7,16,155991,10746,
2012/3/4,4,0.214,2.9,15,10746,2299,
2012/3/4,5,0.023,29.1,15,2299,54,
2012/3/11,1,0.219,3.7,16,9438484,2071570,
2012/3/11,2,0.020,16.9,12,2071570,41873,
2012/3/11,3,0.086,9.6,18,41873,3611,
2012/3/11,4,0.218,3.5,16,3611,789,
2012/3/11,5,0.038,17.7,16,789,30,
2012/3/18,1,0.049,15.9,9,10751872,529604,
2012/3/18,2,0.163,3.9,16,529604,86106,
2012/3/18,3,0.012,39.9,14,86106,1021,
2012/3/18,4,0.050,13.4,11,1021,51,
2012/3/18,5,0.078,6.0,14,51,4,
2012/3/25,1,0.151,6.0,9,9538189,1439972,
2012/3/25,2,0.084,10.7,11,1439972,120247,
2012/3/25,3,0.054,18.3,12,120247,6526,
2012/3/25,4,0.046,12.5,16,6526,303,
2012/3/25,5,0.201,3.9,18,303,61,
2012/4/1,1,0.157,5.6,16,9116413,1434014,
2012/4/1,2,0.010,33.4,14,1434014,14274,
2012/4/1,3,0.102,6.7,13,14274,1449,
2012/4/1,4,0.100,9.0,12,1449,145,
2012/4/1,5,0.083,7.3,16,145,12,
2012/4/8,1,0.341,2.4,13,9491379,3239038,
2012/4/8,2,0.035,16.3,13,3239038,114780,
2012/4/8,3,0.228,4.4,16,114780,26218,
2012/4/8,4,0.061,11.2,16,26218,1612,
2012/4/8,5,0.205,4.9,18,1612,330,
2012/4/15,1,0.065,17.6,14,9956431,646167,
2012/4/15,2,0.025,34.8,16,646167,15994,
2012/4/15,3,0.260,2.1,11,15994,4151,
2012/4/15,4,0.132,4.6,16,4151,546,
2012/4/15,5,0.128,7.1,18,546,70,
2012/4/22,1,0.185,3.6,16,8946331,1653742,
2012/4/22,2,0.202,3.7,12,1653742,333332,
2012/4/22,3,0.313,2.6,16,333332,104212,
2012/4/22,4,0.147,6.9,18,104212,15312,
2012/4/22,5,0.362,2.3,18,15312,5537,
2012/4/29,1,0.152,5.8,16,10873244,1654986,
2012/4/29,2,0.347,2.0,14,1654986,574780,
2012/4/29,3,0.159,5.2,15,574780,91612,
2012/4/29,4,0.259,4.2,18,91612,23691,
2012/4/29,5,0.001,159.6,18,23691,32,
2012/5/6,1,0.122,7.9,12,8903220,1088063,
2012/5/6,2,0.059,12.2,16,1088063,64681,
2012/5/6,3,0.092,10.1,15,64681,5954,
2012/5/6,4,0.095,8.0,11,5954,567,
2012/5/6,5,0.208,3.7,16,567,118,
2012/5/13,1,0.124,7.2,15,8701106,1077508,
2012/5/13,2,0.403,1.8,16,1077508,433947,
2012/5/13,3,0.116,6.9,15,433947,50198,
2012/5/13,4,0.080,7.6,16,50198,4008,
2012/5/13,5,0.121,7.2,18,4008,486,
2012/5/20,1,0.170,5.5,15,9310763,1583177,
2012/5/20,2,0.016,33.4,17,1583177,25701,
2012/5/20,3,0.272,3.2,15,25701,6983,
2012/5/20,4,0.130,7.7,16,6983,907,
2012/5/20,5,0.141,5.6,18,907,128,
2012/5/27,1,0.125,5.4,14,10028759,1254537,
2012/5/27,2,0.331,2.1,15,1254537,414638,
2012/5/27,3,0.085,8.6,18,414638,35223,
2012/5/27,4,0.308,3.0,11,35223,10844,
2012/5/27,5,0.086,8.5,18,10844,930,
2012/6/3,1,0.225,3.1,13,9143738,2054674,
2012/6/3,2,0.544,1.5,13,2054674,1118026,
2012/6/3,3,0.582,1.6,11,1118026,650173,
2012/6/3,4,0.433,2.5,9,650173,281777,
2012/6/3,5,0.150,6.7,18,281777,42312,
2012/6/10,1,0.045,16.1,11,8860372,395751,
2012/6/10,2,0.228,3.2,11,395751,90138,
2012/6/10,3,0.252,2.3,16,90138,22741,
2012/6/10,4,0.298,2.6,14,22741,6779,
2012/6/10,5,0.237,3.7,18,6779,1605,
2012/6/17,1,0.260,2.8,11,9585686,2494776,
2012/6/17,2,0.350,2.5,15,2494776,873253,
2012/6/17,3,0.135,6.7,11,873253,118049,
2012/6/17,4,0.297,2.3,14,118049,35086,
2012/6/17,5,0.205,5.2,11,35086,7187,
2012/6/24,1,0.097,11.1,16,10535383,1020530,
2012/6/24,2,0.180,5.3,11,1020530,183792,
2012/6/24,3,0.269,2.6,12,183792,49371,
2012/6/24,4,0.065,7.8,11,49371,3196,
2012/6/24,5,0.198,3.2,16,3196,633,
2012/7/1,1,0.041,18.1,16,9644095,395396,
2012/7/1,2,0.154,6.7,15,395396,60955,
2012/7/1,3,0.276,4.0,12,60955,16803,
2012/7/1,4,0.112,4.5,17,16803,1888,
2012/7/1,5,0.119,5.6,16,1888,225,
2012/7/8,1,0.268,3.4,9,10469646,2809355,
2012/7/8,2,0.347,2.0,15,2809355,974337,
2012/7/8,3,0.115,5.0,9,974337,111608,
2012/7/8,4,0.004,119.2,16,111608,430,
2012/7/8,5,0.016,54.4,16,430,7,
2012/7/15,1,0.341,2.2,12,9550443,3256001,
2012/7/15,2,0.222,4.2,15,3256001,722940,
2012/7/15,3,0.134,7.2,16,722940,96879,
2012/7/15,4,0.621,1.5,9,96879,60142,
2012/7/15,5,0.018,29.2,13,60142,1091,
2012/7/22,1,0.326,2.8,10,9260574,3015497,
2012/7/22,2,0.117,6.8,18,3015497,352735,
2012/7/22,3,0.332,2.6,16,352735,117111,
2012/7/22,4,0.107,7.0,16,117111,12496,
2012/7/22,5,0.057,11.6,18,12496,717,
2012/7/29,1,0.309,2.1,12,9186258,2841913,
2012/7/29,2,0.354,2.6,15,2841913,1005949,
2012/7/29,3,0.336,2.9,14,1005949,337727,
2012/7/29,4,0.168,4.8,16,337727,56751,
2012/7/29,5,0.293,2.9,12,56751,16601,
2012/8/5,1,0.184,5.3,16,9017566,1657187,
2012/8/5,2,0.181,5.6,15,1657187,299663,
2012/8/5,3,0.321,3.0,13,299663,96256,
2012/8/5,4,0.080,7.9,12,96256,7743,
2012/8/5,5,0.205,4.6,15,7743,1588,
2012/8/12,1,0.448,1.8,11,9003105,4029048,
2012/8/12,2,0.093,7.9,15,4029048,375094,
2012/8/12,3,0.381,2.5,11,375094,142893,
2012/8/12,4,0.252,3.1,9,142893,36029,
2012/8/12,5,0.261,2.8,18,36029,9420,
2012/8/19,1,0.011,37.8,9,9519027,109463,
2012/8/19,2,0.155,4.7,15,109463,16953,
2012/8/19,3,0.086,12.4,14,16953,1463,
2012/8/19,4,0.093,14.4,18,1463,136,
2012/8/19,5,0.037,13.4,14,136,5,
2012/8/26,1,0.034,15.6,18,8818725,304111,
2012/8/26,2,0.035,27.2,16,304111,10790,
2012/8/26,3,0.131,6.4,14,10790,1417,
2012/8/26,4,0.090,10.6,16,1417,128,
2012/8/26,5,0.133,6.3,18,128,17,
2012/9/2,1,0.028,19.8,16,8582991,239617,
2012/9/2,2,0.310,2.1,17,239617,74231,
2012/9/2,3,0.070,10.6,14,74231,5217,
2012/9/2,4,0.239,3.6,17,5217,1249,
2012/9/2,5,0.111,14.7,18,1249,139,
2012/9/9,1,0.070,13.6,16,8081020,564800,
2012/9/9,2,0.080,9.6,10,564800,45047,
2012/9/9,3,0.144,7.3,16,45047,6473,
2012/9/9,4,0.057,16.5,16,6473,366,
2012/9/9,5,0.142,4.8,16,366,52,
2012/9/16,1,0.052,19.1,12,7786264,408011,
2012/9/16,2,0.205,3.0,16,408011,83510,
2012/9/16,3,0.143,6.9,10,83510,11973,
2012/9/16,4,0.510,1.5,10,11973,6103,
2012/9/16,5,0.315,2.9,8,6103,1924,
2012/9/17,1,0.206,3.6,15,6819297,1404664,
2012/9/17,2,0.326,2.7,12,1404664,457470,
2012/9/17,3,0.140,5.3,12,457470,63975,
2012/9/17,4,0.301,3.5,12,63975,19281,
2012/9/17,5,0.444,2.0,17,19281,8556,
2012/9/23,1,0.087,13.2,12,8261937,718874,
2012/9/23,2,0.206,5.2,10,718874,148039,
2012/9/23,3,0.134,6.4,16,148039,19890,
2012/9/23,4,0.325,2.3,15,19890,6466,
2012/9/23,5,0.267,3.1,15,6466,1725,
2012/10/7,1,0.254,2.8,9,7505213,1902703,
2012/10/7,2,0.364,2.7,9,1902703,692205,
2012/10/7,3,0.059,8.9,14,692205,40738,
2012/10/7,4,0.305,2.7,15,40738,12413,
2012/10/7,5,0.211,3.5,16,12413,2618,
2012/10/8,1,0.339,2.5,11,6768985,2292641,
2012/10/8,2,0.063,11.7,16,2292641,144407,
2012/10/8,3,0.074,15.2,11,144407,10656,
2012/10/8,4,0.045,18.4,13,10656,484,
2012/10/8,5,0.151,3.8,16,484,73,
2012/10/14,1,0.483,1.5,13,8723286,4215320,
2012/10/14,2,0.246,3.4,12,4215320,1035923,
2012/10/14,3,0.068,11.3,16,1035923,70749,
2012/10/14,4,0.099,8.9,13,70749,6972,
2012/10/14,5,0.715,1.3,18,6972,4988,
2012/10/21,1,0.365,2.5,11,8712508,3180493,
2012/10/21,2,0.218,3.5,11,3180493,693047,
2012/10/21,3,0.559,1.5,11,693047,387121,
2012/10/21,4,0.372,2.5,16,387121,143907,
2012/10/21,5,0.611,1.4,18,143907,87953,
2012/10/28,1,0.186,5.7,10,8646968,1605042,
2012/10/28,2,0.238,3.5,9,1605042,381310,
2012/10/28,3,0.034,12.9,12,381310,12943,
2012/10/28,4,0.217,4.1,18,12943,2810,
2012/10/28,5,0.045,16.6,18,2810,126,
2012/11/4,1,0.237,4.1,9,8515195,2019419,
2012/11/4,2,0.188,6.9,14,2019419,380594,
2012/11/4,3,0.003,63.2,16,380594,1241,
2012/11/4,4,0.185,3.8,15,1241,229,
2012/11/4,5,0.467,1.4,16,229,107,
2012/11/11,1,0.406,2.0,12,8398989,3405943,
2012/11/11,2,0.361,2.7,14,3405943,1229057,
2012/11/11,3,0.372,2.3,16,1229057,457436,
2012/11/11,4,0.309,3.1,16,457436,141170,
2012/11/11,5,0.023,23.0,16,141170,3292,
2012/11/18,1,0.068,9.3,10,8214340,558327,
2012/11/18,2,0.257,3.6,11,558327,143563,
2012/11/18,3,0.159,4.9,16,143563,22847,
2012/11/18,4,0.180,4.7,16,22847,4116,
2012/11/18,5,0.057,10.5,18,4116,234,
2012/11/25,1,0.002,397.4,18,8803017,13574,
2012/11/25,2,0.135,4.4,8,13574,1836,
2012/11/25,3,0.065,9.8,15,1836,119,
2012/11/25,4,0.084,10.0,14,119,10,
2012/11/25,5,0.200,6.6,17,10,2,
2012/12/2,1,0.093,7.2,15,12737437,1190631,
2012/12/2,2,0.297,2.7,11,1190631,353186,
2012/12/2,3,0.193,4.9,16,353186,68070,
2012/12/2,4,0.132,7.5,17,68070,9011,
2012/12/2,5,0.033,19.9,16,9011,299,
2012/12/9,1,0.012,36.1,13,8155529,99791,
2012/12/9,2,0.084,8.0,14,99791,8366,
2012/12/9,3,0.120,6.4,16,8366,1003,
2012/12/9,5,0.081,8.1,18,258,21,
2012/12/16,1,0.187,4.6,16,11541735,2153585,
2012/12/16,2,0.029,24.1,11,2153585,63463,
2012/12/16,3,0.027,34.5,16,63463,1741,
2012/12/16,4,0.102,7.8,14,1741,177,
2012/12/16,5,0.062,13.8,13,177,11,
2012/12/23,1,0.186,5.3,16,11397339,2125570,
2012/12/23,2,0.021,20.5,14,2125570,45680,
2012/12/23,3,0.331,1.8,16,45680,15105,
2012/12/23,4,0.042,12.8,16,15105,641,
2012/12/23,5,0.253,2.7,16,641,162,
2012/12/24,1,0.032,22.0,12,9237648,294186,
2012/12/24,2,0.143,6.9,16,294186,42173,
2012/12/24,3,0.088,7.9,18,42173,3700,
2012/12/24,4,0.046,10.4,16,3700,171,
2012/12/24,5,0.105,7.5,15,171,18,
2013/1/5,1,0.196,4.5,12,6933593,1357329,
2013/1/5,2,0.300,3.3,15,1357329,406658,
2013/1/5,3,0.091,8.4,16,406658,37130,
2013/1/5,4,0.192,4.4,16,37130,7141,
2013/1/5,5,0.270,3.6,16,7141,1931,
2013/1/6,1,0.080,11.4,16,8185239,653409,
2013/1/6,2,0.266,2.7,14,653409,173862,
2013/1/6,3,0.324,2.9,15,173862,56281,
2013/1/6,4,0.006,53.4,16,56281,338,
2013/1/6,5,0.237,3.5,16,338,80,
2013/1/13,1,0.554,1.4,16,7347582,4069793,
2013/1/13,2,0.247,3.8,12,4069793,1006467,
2013/1/13,3,0.198,4.3,16,1006467,198846,
2013/1/13,4,0.258,4.2,16,198846,51237,
2013/1/13,5,0.028,22.8,16,51237,1410,
2013/1/20,1,0.043,10.8,13,7882481,340115,
2013/1/20,2,0.108,7.5,11,340115,36589,
2013/1/20,3,0.127,6.6,16,36589,4651,
2013/1/20,5,0.142,6.0,12,240,34,
2013/1/20,4,0.052,15.8,16,4651,240,
2013/1/27,1,0.236,3.5,10,8259800,1953308,
2013/1/27,2,0.332,3.0,11,1953308,648036,
2013/1/27,3,0.346,3.3,13,648036,224144,
2013/1/27,4,0.188,5.4,16,224144,42066,
2013/1/27,5,0.046,12.8,15,42066,1937,
2013/2/3,1,0.308,2.9,9,8386844,2583152,
2013/2/3,2,0.374,2.7,10,2583152,966203,
2013/2/3,3,0.223,4.7,14,966203,215420,
2013/2/3,4,0.094,8.3,8,215420,20347,
2013/2/3,5,0.157,5.1,16,20347,3196,
2013/2/10,1,0.099,6.0,11,7994115,794825,
2013/2/10,2,0.109,8.4,15,794825,86839,
2013/2/10,3,0.529,1.5,16,86839,45969,
2013/2/10,4,0.066,9.2,11,45969,3019,
2013/2/10,5,0.169,5.6,10,3019,509,
2013/2/17,1,0.356,2.4,13,8073105,2876090,
2013/2/17,2,0.174,4.7,11,2876090,500396,
2013/2/17,3,0.061,10.6,16,500396,30735,
2013/2/17,4,0.258,3.8,16,30735,7933,
2013/2/17,5,0.137,6.7,16,7933,1085,
2013/2/24,1,0.311,2.7,11,8447288,2626388,
2013/2/24,2,0.027,11.9,15,2626388,71111,
2013/2/24,3,0.289,2.6,13,71111,20579,
2013/2/24,4,0.475,1.6,16,20579,9781,
2013/2/24,5,0.179,4.5,15,9781,1747,
2013/3/3,1,0.138,6.1,16,8496843,1168541,
2013/3/3,2,0.149,6.5,13,1168541,174060,
2013/3/3,3,0.068,10.2,16,174060,11752,
2013/3/3,4,0.168,5.6,16,11752,1977,
2013/3/3,5,0.037,19.8,12,1977,74,
2013/3/10,1,0.571,1.5,13,8229431,4699066,
2013/3/10,2,0.026,24.1,15,4699066,119918,
2013/3/10,3,0.186,4.8,18,119918,22257,
2013/3/10,4,0.206,4.4,16,22257,4590,
2013/3/10,5,0.062,12.7,16,4590,286,
2013/3/17,1,0.009,49.5,12,8768122,82460,
2013/3/17,2,0.107,6.2,16,82460,8852,
2013/3/17,3,0.094,7.4,16,8852,836,
2013/3/17,4,0.722,1.1,9,836,604,
2013/3/17,5,0.190,3.4,16,604,115,
2013/3/24,1,0.245,3.4,11,9225914,2258300,
2013/3/24,2,0.075,9.9,10,2258300,168601,
2013/3/24,3,0.026,25.2,18,168601,4332,
2013/3/24,4,0.195,4.1,16,4332,843,
2013/3/24,5,0.594,1.3,17,843,501,
2013/3/31,1,0.047,17.0,16,8935352,417336,
2013/3/31,2,0.137,5.3,16,417336,57011,
2013/3/31,3,0.238,2.8,15,57011,13544,
2013/3/31,4,0.753,1.2,14,13544,10200,
2013/3/31,5,0.102,9.2,16,10200,1037,
2013/4/7,1,0.061,9.9,13,8297120,506985,
2013/4/7,2,0.075,10.7,13,506985,38023,
2013/4/7,3,0.131,6.4,16,38023,4978,
2013/4/7,4,0.045,11.1,16,4978,226,
2013/4/7,5,0.035,18.0,18,226,8,
2013/4/14,1,0.028,23.5,16,7951711,222977,
2013/4/14,2,0.143,4.8,16,222977,31895,
2013/4/14,3,0.105,8.3,12,31895,3350,
2013/4/14,4,0.110,6.7,16,3350,368,
2013/4/14,5,0.239,3.7,18,368,88,
2013/4/28,1,0.179,4.8,16,9059807,1622042,
2013/4/28,2,0.094,7.9,16,1622042,152546,
2013/4/28,3,0.003,65.6,16,152546,410,
2013/4/28,4,0.134,6.9,15,410,55,
2013/4/28,5,0.091,6.2,18,55,5,
2013/5/5,1,0.044,14.7,14,7264638,320853,
2013/5/5,2,0.011,32.9,14,320853,3396,
2013/5/5,3,0.095,12.2,16,3396,321,
2013/5/5,4,0.069,14.0,17,321,22,
2013/5/5,5,0.000,34.3,18,22,0,
2013/5/12,1,0.437,1.8,16,17047103,7449448,
2013/5/12,2,0.096,8.9,16,7449448,717788,
2013/5/12,3,0.238,4.1,16,717788,171093,
2013/5/12,4,0.349,2.6,15,171093,59687,
2013/5/12,5,0.264,3.1,17,59687,15730,
2013/5/19,1,0.325,2.6,15,8439378,2742165,
2013/5/19,2,0.199,4.6,18,2742165,545639,
2013/5/19,3,0.128,7.3,16,545639,69724,
2013/5/19,4,0.475,1.9,16,69724,33138,
2013/5/19,5,0.018,28.5,18,33138,602,
2013/5/26,1,0.054,13.7,18,8628649,466005,
2013/5/26,2,0.162,5.0,16,466005,75550,
2013/5/26,3,0.314,3.0,14,75550,23689,
2013/5/26,4,0.003,135.7,18,23689,72,
2013/5/26,5,0.250,2.9,18,72,18,
2013/6/2,1,0.432,1.9,14,7326691,3163476,
2013/6/2,2,0.281,3.4,15,3163476,888557,
2013/6/2,3,0.037,18.9,15,888557,32882,
2013/6/2,4,0.292,3.9,14,32882,9601,
2013/6/2,5,0.178,4.0,18,9601,1708,
2013/6/9,1,0.291,2.7,16,6974294,2028194,
2013/6/9,2,0.091,7.9,15,2028194,185064,
2013/6/9,3,0.236,3.9,18,185064,43760,
2013/6/9,4,0.045,12.4,14,43760,1976,
2013/6/9,5,0.174,6.8,14,1976,344,
2013/6/16,1,0.066,11.1,16,7183684,472252,
2013/6/16,2,0.284,2.9,13,472252,134237,
2013/6/16,3,0.048,18.0,16,134237,6456,
2013/6/16,4,0.279,2.9,18,6456,1798,
2013/6/16,5,0.116,6.9,15,1798,208,
2013/6/23,1,0.168,5.4,16,9087718,1527784,
2013/6/23,2,0.020,26.0,13,1527784,30301,
2013/6/23,3,0.016,43.9,13,30301,488,
2013/6/23,4,0.137,7.5,11,488,67,
2013/6/23,5,0.358,2.9,11,67,24,
2013/6/30,1,0.183,4.3,16,7197684,1317673,
2013/6/30,2,0.263,4.1,12,1317673,347035,
2013/6/30,3,0.263,3.6,15,347035,91252,
2013/6/30,4,0.219,3.6,14,91252,19948,
2013/6/30,5,0.015,22.8,16,19948,303,
2013/7/7,1,0.103,7.9,16,7024898,720832,
2013/7/7,2,0.071,8.5,13,720832,51339,
2013/7/7,3,0.316,2.4,12,51339,16208,
2013/7/7,4,0.128,5.9,16,16208,2082,
2013/7/7,5,0.234,4.0,16,2082,487,
2013/7/14,1,0.281,3.1,14,7040618,1977052,
2013/7/14,2,0.156,5.5,16,1977052,308486,
2013/7/14,3,0.180,4.8,16,308486,55475,
2013/7/14,4,0.103,7.7,16,55475,5727,
2013/7/14,5,0.188,5.0,16,5727,1074,
2013/7/21,1,0.291,3.3,16,6842023,1989115,
2013/7/21,2,0.407,2.5,14,1989115,809026,
2013/7/21,3,0.418,2.1,16,809026,337891,
2013/7/21,4,0.063,11.9,15,337891,21442,
2013/7/21,5,0.040,14.6,14,21442,861,
2013/7/28,1,0.138,5.5,15,7232557,999625,
2013/7/28,2,0.249,3.3,9,999625,249028,
2013/7/28,3,0.309,2.7,8,249028,76957,
2013/7/28,4,0.453,1.8,10,76957,34872,
2013/7/28,5,0.345,2.1,18,34872,12045,
2013/8/4,1,0.250,3.8,14,6959273,1736406,
2013/8/4,2,0.274,3.5,17,1736406,475159,
2013/8/4,3,0.006,52.5,10,475159,2766,
2013/8/4,4,0.093,6.9,15,2766,258,
2013/8/4,5,0.248,3.3,15,258,64,
2013/8/11,1,0.655,1.4,10,7142027,4679191,
2013/8/11,2,0.165,5.7,15,4679191,774337,
2013/8/11,3,0.284,3.1,12,774337,220275,
2013/8/11,4,0.224,3.7,16,220275,49415,
2013/8/11,5,0.100,7.8,17,49415,4932,
2013/8/18,1,0.026,22.0,9,7173295,185521,
2013/8/18,2,0.214,3.2,18,185521,39660,
2013/8/18,3,0.284,3.4,16,39660,11260,
2013/8/18,4,0.052,10.2,15,11260,585,
2013/8/18,5,0.092,7.5,13,585,54,
2013/8/25,1,0.111,8.6,18,6979752,777089,
2013/8/25,2,0.157,6.8,18,777089,121669,
2013/8/25,3,0.147,5.2,15,121669,17865,
2013/8/25,4,0.113,7.7,9,17865,2011,
2013/8/25,5,0.274,2.6,18,2011,552,
2013/9/1,1,0.116,6.8,16,7022865,818027,
2013/9/1,2,0.183,5.1,14,818027,150089,
2013/9/1,3,0.011,34.1,12,150089,1712,
2013/9/1,4,0.217,4.6,15,1712,371,
2013/9/1,5,0.011,65.3,14,371,4,
2013/9/8,1,0.123,7.4,12,6861067,843836,
2013/9/8,2,0.159,5.1,16,843836,134536,
2013/9/8,3,0.009,47.6,14,134536,1145,
2013/9/8,4,0.217,4.4,13,1145,249,
2013/9/8,5,0.141,5.4,14,249,35,
2013/9/15,1,0.029,18.5,7,6070762,177047,
2013/9/15,2,0.214,3.5,12,177047,37884,
2013/9/15,3,0.278,2.4,16,37884,10530,
2013/9/15,4,0.247,3.8,18,10530,2606,
2013/9/15,5,0.035,18.9,16,2606,91,
2013/9/17,1,0.165,5.2,10,4311649,710110,
2013/9/17,2,0.198,5.0,10,710110,140354,
2013/9/17,3,0.026,33.3,14,140354,3693,
2013/9/17,4,0.284,2.5,12,3693,1048,
2013/9/17,5,0.125,6.2,15,1048,131,
2013/9/22,1,0.104,9.6,16,6810161,711013,
2013/9/22,2,0.284,3.0,11,711013,201708,
2013/9/22,3,0.284,2.3,13,201708,57334,
2013/9/22,4,0.685,1.4,18,57334,39287,
2013/9/22,5,0.013,38.0,16,39287,524,
2013/9/29,1,0.354,2.0,16,7440119,2635924,
2013/9/29,2,0.262,3.2,16,2635924,689343,
2013/9/29,3,0.168,4.5,15,689343,116069,
2013/9/29,4,0.002,81.5,17,116069,288,
2013/9/29,5,0.698,1.3,16,288,201,
2013/10/6,1,0.188,5.5,12,7835478,1472046,
2013/10/6,2,0.077,10.0,15,1472046,112909,
2013/10/6,3,0.104,12.3,17,112909,11727,
2013/10/6,4,0.002,166.2,13,11727,26,
2013/10/6,5,0.038,7.9,11,26,1,
2013/10/13,1,0.378,1.8,12,10820356,4087653,
2013/10/13,2,0.278,2.8,11,4087653,1135676,
2013/10/13,3,0.544,1.7,14,1135676,618071,
2013/10/13,4,0.028,16.5,9,618071,17216,
2013/10/13,5,0.163,5.2,18,17216,2814,
2013/10/14,1,0.309,2.5,14,6451853,1991431,
2013/10/14,2,0.208,4.1,10,1991431,413600,
2013/10/14,3,0.168,4.9,14,413600,69599,
2013/10/14,4,0.193,5.2,16,69599,13425,
2013/10/14,5,0.123,6.8,13,13425,1645,
2013/10/20,1,0.338,2.8,12,7945020,2684329,
2013/10/20,2,0.211,4.3,10,2684329,565838,
2013/10/20,3,0.195,5.1,15,565838,110380,
2013/10/20,4,0.333,2.8,15,110380,36807,
2013/10/20,5,0.541,1.6,18,36807,19911,
2013/10/27,1,0.170,6.1,16,7953172,1355113,
2013/10/27,2,0.260,3.1,14,1355113,353005,
2013/10/27,3,0.254,4.0,14,353005,89631,
2013/10/27,4,0.077,7.5,10,89631,6915,
2013/10/27,5,0.055,15.5,17,6915,378,
2013/11/3,1,0.495,1.7,12,7306996,3617504,
2013/11/3,2,0.012,37.5,12,3617504,41880,
2013/11/3,3,0.045,13.6,16,41880,1899,
2013/11/3,4,0.080,12.7,18,1899,151,
2013/11/3,5,0.225,4.2,16,151,34,
2013/11/10,1,0.023,28.3,18,6705843,151747,
2013/11/10,2,0.163,4.5,15,151747,24706,
2013/11/10,3,0.048,12.8,16,24706,1178,
2013/11/10,4,0.206,3.5,16,1178,243,
2013/11/10,5,0.214,3.9,18,243,52,
2013/11/17,1,0.309,2.6,13,6681229,2064171,
2013/11/17,2,0.516,1.8,15,2064171,1064629,
2013/11/17,3,0.108,8.0,16,1064629,114838,
2013/11/17,4,0.248,4.0,16,114838,28523,
2013/11/17,5,0.178,4.7,18,28523,5072,
2013/11/24,1,0.137,6.3,18,7385257,1008708,
2013/11/24,2,0.204,4.4,16,1008708,206198,
2013/11/24,3,0.073,9.5,13,206198,15048,
2013/11/24,4,0.553,1.4,13,15048,8325,
2013/11/24,5,0.407,2.1,17,8325,3390,
2013/12/1,1,0.204,5.0,16,6852716,1398865,
2013/12/1,2,0.019,28.0,15,1398865,26954,
2013/12/1,3,0.245,3.7,12,26954,6601,
2013/12/1,4,0.201,4.4,18,6601,1327,
2013/12/1,5,0.093,8.4,16,1327,123,
2013/12/8,1,0.521,1.5,10,6952850,3625113,
2013/12/8,2,0.222,3.4,10,3625113,805657,
2013/12/8,3,0.075,11.2,16,805657,60328,
2013/12/8,4,0.278,2.9,18,60328,16800,
2013/12/8,5,0.056,14.6,18,16800,939,
2013/12/15,1,0.236,3.4,16,7221579,1703825,
2013/12/15,2,0.031,13.8,12,1703825,53446,
2013/12/15,3,0.089,8.7,16,53446,4752,
2013/12/15,4,0.150,6.3,10,4752,715,
2013/12/15,5,0.103,8.4,11,715,74,
2013/12/22,1,0.016,38.4,16,9830895,155420,
2013/12/22,2,0.098,7.8,16,155420,15211,
2013/12/22,3,0.239,2.8,16,15211,3629,
2013/12/22,4,0.095,10.0,16,3629,346,
2013/12/22,5,0.540,1.6,16,346,187,
2013/12/23,1,0.355,2.5,14,7178019,2549285,
2013/12/23,2,0.262,3.5,16,2549285,668803,
2013/12/23,3,0.031,15.4,18,668803,20514,
2013/12/23,4,0.572,1.7,16,20514,11732,
2013/12/23,5,0.191,4.0,16,11732,2243,
2014/1/5,1,0.081,9.2,8,6880492,559852,
2014/1/5,2,0.205,3.1,13,559852,114577,
2014/1/5,3,0.196,4.5,13,114577,22458,
2014/1/5,4,0.060,9.5,16,22458,1352,
2014/1/5,5,0.061,10.1,16,1352,83,
2014/1/12,1,0.011,49.4,13,6607320,70830,
2014/1/12,2,0.031,19.9,16,70830,2175,
2014/1/12,3,0.084,5.9,16,2175,182,
2014/1/12,4,0.115,5.6,16,182,21,
2014/1/12,5,0.524,1.6,13,21,11,
2014/1/13,1,0.125,7.4,16,5517431,687761,
2014/1/13,2,0.176,5.6,12,687761,120811,
2014/1/13,3,0.014,25.6,16,120811,1692,
2014/1/13,4,0.157,4.4,16,1692,265,
2014/1/13,5,0.498,1.7,16,265,132,
2014/1/19,1,0.254,3.6,14,6531288,1656580,
2014/1/19,2,0.151,5.9,13,1656580,250509,
2014/1/19,3,0.077,11.3,18,250509,19384,
2014/1/19,4,0.085,7.3,16,19384,1652,
2014/1/19,5,0.354,3.2,16,1652,584,
2014/1/26,1,0.292,2.7,16,7190553,2102272,
2014/1/26,2,0.171,5.6,11,2102272,359258,
2014/1/26,3,0.588,1.6,16,359258,211189,
2014/1/26,4,0.157,5.7,16,211189,33116,
2014/1/26,5,0.499,2.2,16,33116,16539,
2014/2/2,1,0.098,8.7,16,7170768,705387,
2014/2/2,2,0.457,1.7,11,705387,322498,
2014/2/2,3,0.018,25.4,15,322498,5680,
2014/2/2,4,0.135,5.2,16,5680,764,
2014/2/2,5,0.109,7.5,16,764,83,
2014/2/23,1,0.206,5.1,12,6390445,1318616,
2014/2/23,2,0.215,3.6,14,1318616,283704,
2014/2/23,3,0.317,2.7,15,283704,89974,
2014/2/23,4,0.321,3.6,16,89974,28854,
2014/2/23,5,0.001,272.1,16,28854,37,
2014/3/2,1,0.005,75.4,14,6245644,33725,
2014/3/2,2,0.135,4.4,14,33725,4546,
2014/3/2,3,0.014,38.6,17,4546,63,
2014/3/2,4,0.159,4.8,15,63,10,
2014/3/2,5,0.100,5.3,15,10,1,
2014/3/9,1,0.161,4.2,15,11293956,1817642,
2014/3/9,2,0.466,1.8,14,1817642,847118,
2014/3/9,3,0.003,106.2,12,847118,2172,
2014/3/9,4,0.357,2.6,12,2172,775,
2014/3/9,5,0.565,1.6,13,775,438,
2014/3/16,1,0.195,4.5,16,6587320,1286045,
2014/3/16,2,0.148,5.5,16,1286045,189987,
2014/3/16,3,0.010,34.6,18,189987,1851,
2014/3/16,4,0.140,5.6,16,1851,259,
2014/3/16,5,0.185,4.5,16,259,48,
2014/3/21,1,0.229,3.4,16,4152804,951874,
2014/3/21,2,0.005,41.5,16,951874,4409,
2014/3/21,3,0.049,16.1,16,4409,217,
2014/3/21,4,0.065,6.8,16,217,14,
2014/3/21,5,0.071,6.8,16,14,1,
2014/3/23,1,0.433,1.6,16,9758649,4227643,
2014/3/23,2,0.229,3.5,13,4227643,967276,
2014/3/23,3,0.119,6.7,16,967276,114904,
2014/3/23,4,0.608,1.7,9,114904,69826,
2014/3/23,5,0.159,5.6,15,69826,11075,
2014/3/30,1,0.148,5.5,12,7204968,1064478,
2014/3/30,2,0.135,6.2,12,1064478,143491,
2014/3/30,3,0.233,4.2,18,143491,33464,
2014/3/30,4,0.107,8.3,16,33464,3588,
2014/3/30,5,0.117,7.7,18,3588,420,
2014/4/6,1,0.042,18.3,13,7398946,312009,
2014/4/6,2,0.052,15.1,13,312009,16223,
2014/4/6,3,0.044,19.8,11,16223,718,
2014/4/6,4,0.419,2.4,8,718,301,
2014/4/6,5,0.066,6.9,16,301,20,
2014/4/13,1,0.054,12.5,13,7892117,427562,
2014/4/13,2,0.059,17.7,18,427562,25384,
2014/4/13,3,0.231,2.7,16,25384,5872,
2014/4/13,4,0.167,5.4,15,5872,983,
2014/4/13,5,0.694,1.2,18,983,682,
2014/4/20,1,0.128,7.6,16,6902748,885808,
2014/4/20,2,0.138,5.9,14,885808,122105,
2014/4/20,3,0.213,4.3,11,122105,26068,
2014/4/20,4,0.035,16.1,16,26068,924,
2014/4/20,5,0.162,5.1,18,924,150,
2014/4/27,1,0.038,21.4,16,6871715,260388,
2014/4/27,2,0.106,9.4,10,260388,27689,
2014/4/27,3,0.039,23.7,16,27689,1071,
2014/4/27,4,0.091,6.4,16,1071,97,
2014/4/27,5,0.072,9.1,18,97,7,
2014/5/4,1,0.502,1.5,16,7179707,3602162,
2014/5/4,2,0.070,13.3,15,3602162,252896,
2014/5/4,3,0.128,6.3,16,252896,32391,
2014/5/4,4,0.059,14.7,15,32391,1916,
2014/5/4,5,0.086,11.5,18,1916,164,
2014/5/11,1,0.170,5.1,13,6479224,1099125,
2014/5/11,2,0.189,4.2,14,1099125,207749,
2014/5/11,3,0.208,5.0,16,207749,43197,
2014/5/11,4,0.292,3.8,18,43197,12598,
2014/5/11,5,0.464,1.9,18,12598,5849,
2014/5/18,1,0.026,17.8,12,5940503,152645,
2014/5/18,2,0.054,11.9,16,152645,8310,
2014/5/18,3,0.082,10.8,14,8310,681,
2014/5/18,4,0.244,3.5,16,681,166,
2014/5/18,5,0.018,28.3,18,166,3,
2014/5/25,1,0.201,3.9,11,6952701,1398050,
2014/5/25,2,0.108,6.6,14,1398050,151379,
2014/5/25,3,0.150,6.3,14,151379,22760,
2014/5/25,4,0.033,17.7,13,22760,754,
2014/5/25,5,0.077,9.8,18,754,58,
2014/6/1,1,0.064,9.3,9,7418433,475894,
2014/6/1,2,0.005,115.8,15,475894,2575,
2014/6/1,3,0.074,8.7,16,2575,191,
2014/6/1,4,0.136,3.0,13,191,26,
2014/6/1,5,0.115,5.6,16,26,3,
2014/6/8,1,0.189,4.2,13,6883077,1302455,
2014/6/8,2,0.364,2.4,11,1302455,474086,
2014/6/8,3,0.093,8.7,13,474086,44191,
2014/6/8,4,0.135,6.5,11,44191,5966,
2014/6/8,5,0.509,1.7,17,5966,3039,
2014/6/15,1,0.197,4.6,16,6556470,1290833,
2014/6/15,2,0.057,14.8,18,1290833,73901,
2014/6/15,3,0.091,7.3,16,73901,6739,
2014/6/15,4,0.197,3.3,14,6739,1326,
2014/6/15,5,0.229,4.3,17,1326,303,
2014/6/22,1,0.267,2.5,12,7576277,2022820,
2014/6/22,2,0.243,3.2,11,2022820,491020,
2014/6/22,3,0.011,35.9,14,491020,5362,
2014/6/22,4,0.178,4.1,12,5362,952,
2014/6/22,5,0.067,13.1,16,952,64,
2014/6/29,1,0.006,60.7,16,7774447,49710,
2014/6/29,2,0.055,18.2,9,49710,2749,
2014/6/29,3,0.075,14.1,13,2749,205,
2014/6/29,4,0.137,5.9,13,205,28,
2014/6/29,5,0.179,2.7,12,28,5,
2014/7/6,1,0.252,3.3,15,6716168,1689688,
2014/7/6,2,0.519,1.7,10,1689688,877476,
2014/7/6,3,0.076,6.0,10,877476,66728,
2014/7/6,4,0.085,9.5,16,66728,5647,
2014/7/6,5,0.066,9.8,16,5647,370,
2014/7/13,1,0.041,14.7,16,6691053,274196,
2014/7/13,2,0.124,7.2,11,274196,34100,
2014/7/13,3,0.216,3.2,13,34100,7350,
2014/7/13,4,0.420,1.9,16,7350,3088,
2014/7/13,5,0.050,12.0,16,3088,155,
2014/7/20,1,0.108,7.0,13,6261156,679032,
2014/7/20,2,0.168,6.0,16,679032,114037,
2014/7/20,3,0.164,7.1,16,114037,18650,
2014/7/20,4,0.207,3.6,16,18650,3856,
2014/7/20,5,0.120,6.3,16,3856,461,
2014/7/27,1,0.051,13.8,15,6814877,347010,
2014/7/27,2,0.343,1.7,15,347010,119074,
2014/7/27,3,0.162,5.2,13,119074,19232,
2014/7/27,4,0.054,15.2,16,19232,1031,
2014/7/27,5,0.061,13.6,15,1031,63,
2014/8/3,1,0.175,4.8,16,6707033,1171443,
2014/8/3,2,0.058,11.4,15,1171443,68195,
2014/8/3,3,0.174,5.2,14,68195,11898,
2014/8/3,4,0.023,19.3,12,11898,272,
2014/8/3,5,0.195,3.5,12,272,53,
2014/8/10,1,0.073,10.6,11,6494623,475860,
2014/8/10,2,0.011,53.0,14,475860,5170,
2014/8/10,3,0.436,1.5,12,5170,2256,
2014/8/10,4,0.132,4.9,14,2256,298,
2014/8/10,5,0.185,3.3,15,298,55,
2014/8/17,1,0.069,8.8,12,6396313,442629,
2014/8/17,2,0.160,5.2,14,442629,70702,
2014/8/17,3,0.097,8.7,16,70702,6870,
2014/8/17,4,0.189,4.7,15,6870,1301,
2014/8/17,5,0.069,10.6,16,1301,90,
2014/8/24,1,0.385,1.9,11,7296380,2809301,
2014/8/24,2,0.062,10.8,16,2809301,173542,
2014/8/24,3,0.161,3.7,14,173542,27940,
2014/8/24,4,0.044,18.9,18,27940,1216,
2014/8/24,5,0.246,3.1,15,1216,299,
2014/8/31,1,0.092,9.1,17,6668997,615224,
2014/8/31,2,0.011,46.0,14,615224,7020,
2014/8/31,3,0.139,6.4,16,7020,979,
2014/8/31,4,0.106,5.3,12,979,104,
2014/8/31,5,0.240,4.1,18,104,25,
2014/9/7,1,0.011,35.2,16,6501893,74531,
2014/9/7,2,0.050,17.3,13,74531,3718,
2014/9/7,3,0.169,3.8,14,3718,628,
2014/9/7,4,0.008,120.2,17,628,5,
2014/9/7,5,0.000,4.6,18,5,0,
2014/9/14,1,0.149,4.5,7,15797446,2346725,
2014/9/14,2,0.198,3.9,8,2346725,465296,
2014/9/14,3,0.114,6.9,15,465296,53247,
2014/9/14,4,0.147,7.8,15,53247,7829,
2014/9/14,5,0.156,4.9,15,7829,1223,
2014/9/21,1,0.203,2.6,15,8550071,1738664,
2014/9/21,2,0.061,12.2,12,1738664,105304,
2014/9/21,3,0.006,138.0,11,105304,601,
2014/9/21,4,0.341,2.5,17,601,205,
2014/9/21,5,0.610,1.4,18,205,125,
2014/9/28,1,0.122,9.0,8,8435443,1029297,
2014/9/28,2,0.376,1.4,14,1029297,387065,
2014/9/28,3,0.004,294.3,15,387065,1620,
2014/9/28,4,0.749,1.6,16,1620,1213,
2014/9/28,5,0.049,7.2,18,1213,60,
2014/10/5,1,0.285,2.7,12,6857018,1955942,
2014/10/5,2,0.325,3.4,9,1955942,635711,
2014/10/5,3,0.086,10.1,18,635711,54878,
2014/10/5,4,0.165,5.8,13,54878,9076,
2014/10/5,5,0.014,46.5,18,9076,127,
2014/10/12,1,0.038,19.6,12,6643748,250384,
2014/10/12,2,0.327,2.4,11,250384,81893,
2014/10/12,3,0.237,3.3,16,81893,19437,
2014/10/12,4,0.003,94.8,16,19437,67,
2014/10/12,5,0.030,13.1,15,67,2,
2014/10/19,1,0.235,2.9,15,7724196,1817835,
2014/10/19,2,0.309,2.8,10,1817835,561240,
2014/10/19,3,0.146,5.6,16,561240,81989,
2014/10/19,4,0.638,1.4,8,81989,52280,
2014/10/19,5,0.063,10.1,17,52280,3287,
2014/10/26,1,0.069,11.3,10,7688078,530859,
2014/10/26,2,0.317,2.4,10,530859,168335,
2014/10/26,3,0.079,10.4,16,168335,13231,
2014/10/26,4,0.011,34.3,12,13231,143,
2014/10/26,5,0.119,6.9,18,143,17,
2014/11/2,1,0.246,3.6,15,7315915,1800486,
2014/11/2,2,0.207,4.6,16,1800486,372468,
2014/11/2,3,0.104,7.6,16,372468,38608,
2014/11/2,4,0.352,3.0,15,38608,13577,
2014/11/2,5,0.097,11.0,18,13577,1322,
2014/11/9,1,0.295,2.5,17,6460318,1906040,
2014/11/9,2,0.070,7.0,17,1906040,133314,
2014/11/9,3,0.340,2.5,15,133314,45352,
2014/11/9,4,0.208,4.9,18,45352,9417,
2014/11/9,5,0.148,5.5,16,9417,1395,
2014/11/16,1,0.316,2.5,15,6753477,2134533,
2014/11/16,2,0.104,7.1,14,2134533,221486,
2014/11/16,3,0.080,9.8,16,221486,17620,
2014/11/16,4,0.010,54.3,17,17620,178,
2014/11/16,5,0.129,6.8,18,178,23,
2014/11/23,1,0.107,7.6,9,5880452,627887,
2014/11/23,2,0.014,34.2,16,627887,9036,
2014/11/23,3,0.008,311.5,16,9036,75,
2014/11/23,4,0.067,27.6,16,75,5,
2014/11/23,5,0.000,18.1,17,5,0,
2014/11/24,1,0.121,7.3,12,11496896,1392045,
2014/11/24,2,0.148,5.6,16,1392045,206496,
2014/11/24,3,0.324,2.9,16,206496,66827,
2014/11/24,4,0.092,8.1,13,66827,6172,
2014/11/24,5,0.128,7.7,16,6172,789,
2014/11/30,1,0.023,27.4,15,7180911,164197,
2014/11/30,2,0.051,14.0,16,164197,8397,
2014/11/30,3,0.127,4.7,16,8397,1067,
2014/11/30,4,0.074,8.9,17,1067,79,
2014/11/30,5,0.051,11.3,18,79,4,
2014/12/7,1,0.064,11.2,8,6583019,422295,
2014/12/7,2,0.124,7.5,16,422295,52173,
2014/12/7,3,0.023,25.7,14,52173,1213,
2014/12/7,4,0.121,5.9,16,1213,147,
2014/12/7,5,0.204,2.9,11,147,30,
2014/12/14,1,0.369,2.0,14,6408366,2366815,
2014/12/14,2,0.075,8.7,14,2366815,178277,
2014/12/14,3,0.023,46.8,15,178277,4086,
2014/12/14,4,0.055,11.7,13,4086,225,
2014/12/14,5,0.071,9.8,18,225,16,
2014/12/21,1,0.151,5.4,16,6814541,1031954,
2014/12/21,2,0.052,12.9,13,1031954,53462,
2014/12/21,3,0.299,2.2,13,53462,15971,
2014/12/21,4,0.404,2.3,9,15971,6455,
2014/12/21,5,0.201,4.6,18,6455,1295,
2014/12/28,1,0.076,11.1,16,9714416,738165,
2014/12/28,2,0.228,3.4,16,738165,168544,
2014/12/28,3,0.151,4.5,17,168544,25422,
2014/12/28,4,0.094,7.9,12,25422,2398,
2014/12/28,5,0.064,8.7,16,2398,153,
2015/1/4,1,0.179,4.2,8,6703698,1199018,
2015/1/4,2,0.309,2.5,9,1199018,370492,
2015/1/4,3,0.141,6.9,14,370492,52330,
2015/1/4,4,0.127,6.1,17,52330,6640,
2015/1/4,5,0.112,7.1,18,6640,743,
2015/1/11,1,0.128,5.5,16,6342201,814247,
2015/1/11,2,0.024,28.0,12,814247,19238,
2015/1/11,3,0.186,3.8,16,19238,3570,
2015/1/11,4,0.050,19.0,16,3570,179,
2015/1/11,5,0.151,5.0,12,179,27,
2015/1/12,1,0.244,3.0,12,5531115,1347662,
2015/1/12,2,0.161,5.3,12,1347662,217285,
2015/1/12,3,0.292,3.7,14,217285,63443,
2015/1/12,4,0.022,34.9,16,63443,1390,
2015/1/12,5,0.398,3.1,16,1390,553,
2015/1/18,1,0.139,5.3,13,6440817,892332,
2015/1/18,2,0.344,3.2,13,892332,307238,
2015/1/18,3,0.047,13.7,18,307238,14431,
2015/1/18,4,0.188,5.3,17,14431,2709,
2015/1/18,5,0.049,12.1,18,2709,134,
2015/1/25,1,0.305,1.9,16,7779920,2370569,
2015/1/25,2,0.347,2.5,16,2370569,822171,
2015/1/25,3,0.347,2.5,14,822171,285205,
2015/1/25,4,0.043,13.8,17,285205,12304,
2015/1/25,5,0.010,54.3,16,12304,119,
2015/2/1,1,0.526,1.7,14,6921129,3643895,
2015/2/1,2,0.153,5.1,13,3643895,558077,
2015/2/1,3,0.052,15.0,16,558077,29110,
2015/2/1,4,0.229,4.4,17,29110,6656,
2015/2/1,5,0.267,3.4,16,6656,1774,
2015/2/8,1,0.110,9.4,16,7028883,770649,
2015/2/8,2,0.107,7.4,13,770649,82430,
2015/2/8,3,0.188,4.7,13,82430,15469,
2015/2/8,4,0.450,1.7,8,15469,6961,
2015/2/8,5,0.132,6.0,16,6961,916,
2015/2/15,1,0.062,9.9,10,8348540,520317,
2015/2/15,2,0.119,7.5,15,520317,61759,
2015/2/15,3,0.032,19.3,16,61759,1986,
2015/2/15,4,0.122,8.5,11,1986,242,
2015/2/15,5,0.145,6.1,12,242,35,
2015/2/22,1,0.272,3.0,16,6836387,1861950,
2015/2/22,2,0.435,2.4,14,1861950,809700,
2015/2/22,3,0.131,5.4,16,809700,105812,
2015/2/22,4,0.170,6.0,16,105812,18022,
2015/2/22,5,0.475,2.1,16,18022,8555,
2015/3/1,1,0.254,2.9,16,7043830,1786542,
2015/3/1,2,0.036,15.5,15,1786542,64305,
2015/3/1,3,0.063,14.5,14,64305,4083,
2015/3/1,4,0.145,6.6,16,4083,592,
2015/3/1,5,0.186,4.7,11,592,110,
2015/3/8,1,0.242,3.7,11,6514220,1575748,
2015/3/8,2,0.131,6.7,16,1575748,207139,
2015/3/8,3,0.112,6.4,16,207139,23123,
2015/3/8,4,0.052,11.9,16,23123,1206,
2015/3/8,5,0.148,6.3,11,1206,179,
2015/3/15,1,0.174,5.4,16,6737377,1174565,
2015/3/15,2,0.100,8.1,14,1174565,117154,
2015/3/15,3,0.177,5.2,18,117154,20750,
2015/3/15,4,0.274,3.6,18,20750,5683,
2015/3/15,5,0.213,5.2,14,5683,1208,
2015/3/22,1,0.232,3.2,16,7779718,1807876,
2015/3/22,2,0.102,7.5,16,1807876,184735,
2015/3/22,3,0.215,4.2,11,184735,39666,
2015/3/22,4,0.489,1.6,10,39666,19400,
2015/3/22,5,0.057,12.3,11,19400,1107,
2015/3/29,1,0.081,9.5,13,7184639,582659,
2015/3/29,2,0.117,8.0,11,582659,68010,
2015/3/29,3,0.122,5.2,17,68010,8284,
2015/3/29,4,0.081,13.5,16,8284,669,
2015/3/29,5,0.145,6.5,18,669,97,
2015/4/5,1,0.190,5.0,12,7570822,1439599,
2015/4/5,2,0.183,5.0,14,1439599,263155,
2015/4/5,3,0.265,2.7,14,263155,69817,
2015/4/5,4,0.051,12.0,14,69817,3560,
2015/4/5,5,0.234,3.1,16,3560,832,
2015/4/12,1,0.249,3.5,14,7907882,1971867,
2015/4/12,2,0.013,38.5,12,1971867,25818,
2015/4/12,3,0.181,4.2,15,25818,4684,
2015/4/12,4,0.124,7.1,16,4684,580,
2015/4/12,5,0.084,10.2,18,580,49,
2015/4/19,1,0.385,1.9,16,7312490,2817821,
2015/4/19,2,0.324,2.9,16,2817821,912453,
2015/4/19,3,0.062,9.2,15,912453,56748,
2015/4/19,4,0.254,3.9,15,56748,14393,
2015/4/19,5,0.188,4.6,15,14393,2702,
2015/4/26,1,0.172,4.8,16,7094896,1219327,
2015/4/26,2,0.193,4.7,11,1219327,235332,
2015/4/26,3,0.241,3.9,16,235332,56631,
2015/4/26,4,0.024,22.4,18,56631,1345,
2015/4/26,5,0.143,6.0,17,1345,193,
2015/5/3,1,0.019,26.4,11,7225208,134207,
2015/5/3,2,0.054,22.3,16,134207,7209,
2015/5/3,3,0.174,3.8,16,7209,1257,
2015/5/3,4,0.290,2.0,15,1257,365,
2015/5/3,5,0.167,4.6,17,365,61,
2015/5/10,1,0.038,15.6,11,6668242,253201,
2015/5/10,2,0.288,2.3,16,253201,72973,
2015/5/10,3,0.072,10.7,16,72973,5249,
2015/5/10,4,0.021,20.8,14,5249,109,
2015/5/10,5,0.183,6.4,18,109,20,
2015/5/17,1,0.017,23.0,16,6627206,109466,
2015/5/17,2,0.104,7.7,12,109466,11399,
2015/5/17,3,0.167,4.2,11,11399,1908,
2015/5/17,4,0.106,6.5,15,1908,202,
2015/5/17,5,0.054,14.1,18,202,11,
2015/5/24,1,0.038,18.6,10,6643546,254156,
2015/5/24,2,0.182,3.8,14,254156,46163,
2015/5/24,3,0.011,94.8,16,46163,499,
2015/5/24,4,0.086,6.0,13,499,43,
2015/5/24,5,0.070,6.8,17,43,3,
2015/5/31,1,0.048,15.1,18,7082173,341721,
2015/5/31,2,0.150,4.9,16,341721,51410,
2015/5/31,3,0.163,4.5,17,51410,8383,
2015/5/31,4,0.439,1.7,17,8383,3684,
2015/5/31,5,0.467,1.9,18,3684,1720,
2015/6/7,1,0.158,6.1,13,6250049,990545,
2015/6/7,2,0.197,5.4,11,990545,195550,
2015/6/7,3,0.174,6.6,15,195550,34049,
2015/6/7,4,0.006,44.8,11,34049,190,
2015/6/7,5,0.168,3.7,17,190,32,
2015/6/14,1,0.149,6.1,16,6538745,971699,
2015/6/14,2,0.004,101.0,16,971699,4060,
2015/6/14,3,0.046,22.0,18,4060,188,
2015/6/14,4,0.043,15.6,16,188,8,
2015/6/14,5,0.250,3.0,13,8,2,
2015/6/21,1,0.210,3.8,16,6769769,1419249,
2015/6/21,2,0.554,1.5,11,1419249,786708,
2015/6/21,3,0.153,6.3,16,786708,120630,
2015/6/21,4,0.223,3.5,10,120630,26936,
2015/6/21,5,0.189,4.6,16,26936,5086,
2015/6/28,1,0.284,2.4,16,7475364,2120052,
2015/6/28,2,0.020,23.5,14,2120052,41437,
2015/6/28,3,0.035,18.7,16,41437,1470,
2015/6/28,4,0.031,29.6,16,1470,46,
2015/6/28,5,0.065,14.2,16,46,3,
2015/7/5,1,0.272,2.9,16,6080420,1652116,
2015/7/5,2,0.279,3.5,14,1652116,460352,
2015/7/5,3,0.310,3.2,8,460352,142624,
2015/7/5,4,0.199,5.1,17,142624,28357,
2015/7/5,5,0.373,2.8,16,28357,10564,
2015/7/12,1,0.240,3.3,16,6169713,1481160,
2015/7/12,2,0.519,1.8,13,1481160,769337,
2015/7/12,3,0.115,6.3,13,769337,88229,
2015/7/12,4,0.106,6.7,16,88229,9392,
2015/7/12,5,0.207,4.5,16,9392,1940,
2015/7/19,1,0.012,46.1,14,5968836,69277,
2015/7/19,2,0.029,47.5,15,69277,2001,
2015/7/19,3,0.107,6.4,16,2001,214,
2015/7/19,4,0.145,7.2,14,214,31,
2015/7/19,5,0.065,10.9,14,31,2,
2015/7/26,1,0.276,2.9,16,5561890,1533898,
2015/7/26,2,0.185,4.4,15,1533898,283425,
2015/7/26,3,0.329,3.2,16,283425,93323,
2015/7/26,4,0.053,12.2,16,93323,4902,
2015/7/26,5,0.020,22.0,12,4902,99,
2015/8/2,1,0.303,2.4,15,5941265,1799036,
2015/8/2,2,0.161,4.7,15,1799036,289286,
2015/8/2,3,0.015,32.5,10,289286,4451,
2015/8/2,4,0.043,14.7,13,4451,190,
2015/8/2,5,0.195,3.7,14,190,37,
2015/8/9,1,0.243,3.7,10,5862390,1426808,
2015/8/9,2,0.146,5.7,15,1426808,208246,
2015/8/9,3,0.137,6.1,12,208246,28589,
2015/8/9,4,0.098,8.8,17,28589,2805,
2015/8/9,5,0.369,2.5,14,2805,1036,
2015/8/16,1,0.110,8.0,16,5966744,653476,
2015/8/16,2,0.088,10.9,18,653476,57620,
2015/8/16,3,0.242,4.1,13,57620,13927,
2015/8/16,4,0.048,10.9,8,13927,664,
2015/8/16,5,0.184,4.7,12,664,122,
2015/8/23,2,0.294,2.5,11,1263199,370959,
2015/8/23,1,0.201,4.1,8,6288151,1263199,
2015/8/23,3,0.021,11.1,15,1263199,26177,
2015/8/23,4,0.160,5.0,18,26177,4201,
2015/8/23,5,0.023,24.2,14,4201,98,
2015/8/30,1,0.388,1.9,14,5904247,2291692,
2015/8/30,2,0.074,11.2,17,2291692,170524,
2015/8/30,3,0.085,8.8,14,170524,14437,
2015/8/30,4,0.021,29.1,16,14437,300,
2015/8/30,5,0.207,3.6,18,300,62,
2015/9/6,1,0.072,12.0,16,5880721,424723,
2015/9/6,2,0.074,9.2,13,424723,31573,
2015/9/6,3,0.097,10.8,14,31573,3055,
2015/9/6,4,0.450,1.5,14,3055,1375,
2015/9/6,5,0.127,9.1,18,1375,174,
2015/9/13,1,0.107,8.1,15,5677049,606305,
2015/9/13,2,0.011,57.4,14,606305,6918,
2015/9/13,3,0.148,5.1,15,6918,1023,
2015/9/13,4,0.022,48.0,16,1023,22,
2015/9/13,5,0.045,62.7,16,22,1,
2015/9/20,1,0.153,6.8,14,5114228,782842,
2015/9/20,2,0.176,4.9,18,782842,137424,
2015/9/20,3,0.245,3.8,16,137424,33693,
2015/9/20,4,0.049,12.2,17,33693,1645,
2015/9/20,5,0.113,6.8,9,1645,186,
2015/9/21,1,0.176,4.9,11,4809161,844196,
2015/9/21,2,0.401,1.6,16,844196,338120,
2015/9/21,3,0.414,2.1,16,338120,140070,
2015/9/21,4,0.176,5.1,11,140070,24661,
2015/9/21,5,0.064,12.5,15,24661,1580,
2015/9/27,1,0.280,3.1,10,5908261,1654580,
2015/9/27,2,0.085,9.8,14,1654580,141356,
2015/9/27,3,0.078,9.3,16,141356,10999,
2015/9/27,4,0.093,8.0,15,10999,1018,
2015/9/27,5,0.119,7.6,15,1018,121,
2015/10/4,1,0.249,2.8,11,5831642,1451480,
2015/10/4,2,0.272,3.2,13,1451480,394534,
2015/10/4,3,0.082,7.7,16,394534,32453,
2015/10/4,4,0.396,2.5,16,32453,12840,
2015/10/4,5,0.204,4.4,15,12840,2619,
2015/10/11,1,0.208,3.7,15,5660578,1175127,
2015/10/11,2,0.240,3.4,10,1175127,282170,
2015/10/11,3,0.096,8.6,16,282170,27121,
2015/10/11,4,0.570,1.7,16,27121,15458,
2015/10/11,5,0.189,4.9,13,15458,2920,
2015/10/12,1,0.052,13.9,13,5288727,274497,
2015/10/12,2,0.128,5.9,9,274497,35253,
2015/10/12,3,0.385,2.0,11,35253,13582,
2015/10/12,4,0.263,3.1,10,13582,3566,
2015/10/12,5,0.038,19.2,16,3566,135,
2015/10/18,1,0.078,8.4,16,5818671,451616,
2015/10/18,2,0.254,3.7,11,451616,114896,
2015/10/18,3,0.065,13.5,18,114896,7414,
2015/10/18,4,0.140,6.5,12,7414,1038,
2015/10/18,5,0.309,3.0,18,1038,321,
2015/10/25,1,0.180,5.5,11,6314723,1134609,
2015/10/25,2,0.293,2.6,15,1134609,332291,
2015/10/25,3,0.016,32.6,15,332291,5166,
2015/10/25,4,0.187,3.8,15,5166,967,
2015/10/25,5,0.042,13.4,18,967,41,
2015/11/1,1,0.361,1.9,16,6406292,2312392,
2015/11/1,2,0.391,2.0,17,2312392,903243,
2015/11/1,3,0.295,3.0,14,903243,266695,
2015/11/1,4,0.611,1.8,11,266695,163014,
2015/11/1,5,0.268,3.4,18,163014,43675,
2015/11/8,1,0.315,2.6,16,6007691,1894740,
2015/11/8,2,0.189,4.4,17,1894740,357303,
2015/11/8,3,0.114,8.0,16,357303,40614,
2015/11/8,4,0.476,2.1,18,40614,19327,
2015/11/8,5,0.020,23.4,11,19327,389,
2015/11/15,1,0.271,3.2,16,5731055,1552023,
2015/11/15,2,0.256,3.3,14,1552023,397827,
2015/11/15,3,0.209,5.5,16,397827,83069,
2015/11/15,4,0.117,6.1,18,83069,9758,
2015/11/15,5,0.049,15.2,18,9758,476,
2015/11/22,1,0.082,8.0,9,5542377,453371,
2015/11/22,2,0.138,7.3,18,453371,62451,
2015/11/22,3,0.285,2.8,16,62451,17808,
2015/11/22,4,0.010,30.9,16,17808,183,
2015/11/22,5,0.126,5.7,18,183,23,
2015/11/23,1,0.493,1.7,12,4779681,2356343,
2015/11/23,2,0.036,17.3,18,2356343,85039,
2015/11/23,3,0.051,16.2,16,85039,4375,
2015/11/23,4,0.102,7.0,11,4375,446,
2015/11/23,5,0.166,5.2,10,446,74,
2015/11/29,1,0.058,12.7,9,6886511,397600,
2015/11/29,2,0.127,6.2,13,397600,50420,
2015/11/29,3,0.449,1.5,10,50420,22614,
2015/11/29,4,0.103,9.2,18,22614,2327,
2015/11/29,5,0.038,15.6,15,2327,88,
2015/12/6,1,0.123,6.5,15,5978333,736525,
2015/12/6,2,0.174,4.6,13,736525,128482,
2015/12/6,3,0.197,4.5,15,128482,25371,
2015/12/6,4,0.004,66.4,16,25371,98,
2015/12/6,5,0.194,4.1,16,98,19,
2015/12/13,1,0.023,26.4,13,6361119,144984,
2015/12/13,2,0.566,1.3,9,144984,81997,
2015/12/13,3,0.091,7.6,16,81997,7423,
2015/12/13,4,0.117,7.0,16,7423,866,
2015/12/13,5,0.305,2.5,18,866,264,
2015/12/20,1,0.009,70.4,16,6644317,58020,
2015/12/20,2,0.071,12.8,11,58020,4146,
2015/12/20,3,0.137,5.2,10,4146,566,
2015/12/20,4,0.127,6.9,10,566,72,
2015/12/20,5,0.069,5.9,16,72,5,
2015/12/27,1,0.193,4.7,15,9823041,1891124,
2015/12/27,2,0.203,4.0,10,1891124,383092,
2015/12/27,3,0.083,7.4,12,383092,31869,
2015/12/27,4,0.098,8.5,14,31869,3123,
2015/12/27,5,0.062,17.0,16,3123,194,
2016/1/5,1,0.205,4.6,10,5478006,1122283,
2016/1/5,2,0.052,10.4,10,1122283,58731,
2016/1/5,3,0.044,17.0,11,58731,2572,
2016/1/5,4,0.157,4.9,13,2572,403,
2016/1/5,5,0.149,6.1,17,403,60,
2016/1/10,1,0.156,5.1,16,6029695,940782,
2016/1/10,2,0.040,11.7,14,940782,37525,
2016/1/10,3,0.394,1.9,13,37525,14791,
2016/1/10,4,0.139,6.3,9,14791,2049,
2016/1/10,5,0.031,22.5,18,2049,64,
2016/1/11,1,0.602,1.4,10,5883684,3539178,
2016/1/11,2,0.030,25.9,16,3539178,105719,
2016/1/11,3,0.146,5.9,16,105719,15399,
2016/1/11,4,0.133,6.8,16,15399,2055,
2016/1/11,5,0.328,2.7,15,2055,675,
2016/1/17,1,0.072,13.9,10,6437805,463386,
2016/1/17,2,0.176,3.0,13,463386,81378,
2016/1/17,3,0.168,5.3,13,81378,13707,
2016/1/17,4,0.076,11.3,15,13707,1041,
2016/1/17,5,0.207,4.7,12,1041,215,
2016/1/24,1,0.201,3.9,14,6327484,1271234,
2016/1/24,2,0.037,12.9,12,1271234,46884,
2016/1/24,3,0.120,6.7,12,46884,5625,
2016/1/24,4,0.162,5.0,15,5625,909,
2016/1/24,5,0.230,3.4,15,909,209,
2016/1/31,1,0.392,2.0,9,7258080,2843510,
2016/1/31,2,0.218,4.5,14,2843510,619733,
2016/1/31,3,0.046,9.8,12,619733,28750,
2016/1/31,4,0.201,4.4,16,28750,5786,
2016/1/31,5,0.374,2.2,16,5786,2164,
2016/2/7,1,0.021,44.9,16,7491781,156417,
2016/2/7,2,0.138,5.5,14,156417,21616,
2016/2/7,3,0.049,14.0,9,21616,1052,
2016/2/7,4,0.634,1.2,9,1052,667,
2016/2/7,5,0.109,9.6,13,667,73,
2016/2/14,1,0.161,4.6,16,6706676,1080056,
2016/2/14,2,0.438,1.7,16,1080056,472540,
2016/2/14,3,0.096,10.9,15,472540,45262,
2016/2/14,4,0.072,9.2,15,45262,3246,
2016/2/14,5,0.036,22.6,10,3246,116,
2016/2/21,1,0.052,17.8,14,6473690,333746,
2016/2/21,2,0.254,3.2,13,333746,84699,
2016/2/21,3,0.142,5.7,16,84699,12066,
2016/2/21,4,0.198,4.9,10,12066,2385,
2016/2/21,5,0.179,5.1,16,2385,427,
2016/2/28,1,0.514,1.6,12,7244006,3721888,
2016/2/28,2,0.055,19.6,13,3721888,204169,
2016/2/28,3,0.451,1.7,13,204169,92149,
2016/2/28,4,0.212,3.8,18,92149,19543,
2016/2/28,5,0.338,2.1,11,19543,6598,
2016/3/6,1,0.504,1.5,11,7207547,3632260,
2016/3/6,2,0.353,2.3,14,3632260,1281223,
2016/3/6,3,0.097,7.8,15,1281223,124872,
2016/3/6,4,0.025,22.1,16,124872,3080,
2016/3/6,5,0.289,2.6,12,3080,889,
2016/3/13,1,0.241,3.2,14,6521894,1570058,
2016/3/13,2,0.009,58.8,13,1570058,13370,
2016/3/13,3,0.083,12.2,14,13370,1104,
2016/3/13,4,0.051,27.2,18,1104,56,
2016/3/13,5,0.143,8.3,16,56,8,
2016/3/20,1,0.166,4.7,16,6167888,1023577,
2016/3/20,2,0.219,3.9,11,1023577,224287,
2016/3/20,3,0.457,1.8,16,224287,102451,
2016/3/20,4,0.330,3.0,11,102451,33806,
2016/3/20,5,0.088,8.0,11,33806,2990,
2016/3/21,1,0.246,2.8,16,5273883,1299617,
2016/3/21,2,0.105,6.1,13,1299617,136494,
2016/3/21,3,0.132,6.7,15,136494,17974,
2016/3/21,4,0.083,12.5,12,17974,1483,
2016/3/21,5,0.256,2.9,16,1483,380,
2016/3/27,1,0.274,2.5,14,6792915,1862253,
2016/3/27,2,0.413,2.4,10,1862253,768554,
2016/3/27,3,0.190,4.2,16,768554,145967,
2016/3/27,4,0.026,20.4,15,145967,3800,
2016/3/27,5,0.188,3.9,18,3800,715,
2016/4/3,1,0.033,23.6,12,6982339,227312,
2016/4/3,2,0.382,1.7,10,227312,86902,
2016/4/3,3,0.262,2.6,15,86902,22760,
2016/4/3,4,0.211,3.9,11,22760,4808,
2016/4/3,5,0.067,13.0,16,4808,324,
2016/4/10,1,0.069,15.1,15,7332528,503858,
2016/4/10,2,0.171,3.1,16,503858,86403,
2016/4/10,3,0.025,21.5,16,86403,2158,
2016/4/10,4,0.277,2.2,16,2158,597,
2016/4/10,5,0.104,5.0,18,597,62,
2016/4/17,1,0.119,6.1,15,7373302,879549,
2016/4/17,2,0.178,4.5,16,879549,156843,
2016/4/17,3,0.027,19.0,15,156843,4276,
2016/4/17,4,0.201,4.3,11,4276,858,
2016/4/17,5,0.021,30.9,18,858,18,
2016/4/24,1,0.037,18.0,11,6396920,239574,
2016/4/24,2,0.110,7.9,16,239574,26333,
2016/4/24,3,0.420,2.1,16,26333,11050,
2016/4/24,4,0.067,9.1,15,11050,738,
2016/4/24,5,0.112,5.7,18,738,83,
2016/5/1,1,0.091,10.1,16,6794421,616825,
2016/5/1,2,0.042,19.8,16,616825,26012,
2016/5/1,3,0.161,5.0,15,26012,4186,
2016/5/1,4,0.223,4.0,18,4186,935,
2016/5/1,5,0.122,4.5,18,935,114,
2016/5/8,1,0.173,5.0,15,6350274,1099236,
2016/5/8,2,0.451,1.9,15,1099236,495830,
2016/5/8,3,0.027,19.4,16,495830,13353,
2016/5/8,4,0.078,12.6,18,13353,1048,
2016/5/8,5,0.303,2.3,18,1048,318,
2016/5/15,1,0.078,7.7,12,6117506,476183,
2016/5/15,2,0.189,4.2,12,476183,90110,
2016/5/15,3,0.130,7.2,15,90110,11687,
2016/5/15,4,0.291,2.5,16,11687,3397,
2016/5/15,5,0.042,17.7,18,3397,141,
2016/5/22,1,0.125,5.8,10,6634077,828318,
2016/5/22,2,0.051,13.9,18,828318,42174,
2016/5/22,3,0.210,3.4,16,42174,8849,
2016/5/22,4,0.061,11.9,15,8849,538,
2016/5/22,5,0.414,2.0,18,538,223,
2016/5/29,1,0.104,9.5,13,6654002,694985,
2016/5/29,2,0.051,11.8,13,694985,35302,
2016/5/29,3,0.084,13.2,18,35302,2948,
2016/5/29,4,0.279,2.2,18,2948,822,
2016/5/29,5,0.221,4.0,18,822,182,
2016/6/5,1,0.635,1.4,10,6991730,4442127,
2016/6/5,2,0.241,3.3,16,4442127,1069792,
2016/6/5,3,0.084,9.1,18,1069792,90168,
2016/6/5,4,0.068,8.9,8,90168,6125,
2016/6/5,5,0.024,36.9,12,6125,146,
2016/6/12,1,0.572,1.5,16,6403880,3663374,
2016/6/12,2,0.414,2.0,16,3663374,1517201,
2016/6/12,3,0.193,4.3,14,1517201,293189,
2016/6/12,4,0.087,10.8,14,293189,25629,
2016/6/12,5,0.279,2.8,18,25629,7138,
2016/6/19,1,0.133,5.5,16,6400343,851203,
2016/6/19,2,0.098,7.7,16,851203,83227,
2016/6/19,3,0.017,39.4,16,83227,1452,
2016/6/19,4,0.062,8.8,9,1452,90,
2016/6/19,5,0.244,2.9,16,90,22,
2016/6/26,1,0.145,6.1,16,7417127,1072127,
2016/6/26,2,0.220,3.8,16,1072127,235829,
2016/6/26,3,0.172,4.3,13,235829,40586,
2016/6/26,4,0.149,5.3,13,40586,6045,
2016/6/26,5,0.018,25.1,17,6045,110,
2016/7/3,1,0.049,13.8,12,6613138,325778,
2016/7/3,2,0.254,3.0,11,325778,82654,
2016/7/3,3,0.224,2.9,11,82654,18526,
2016/7/3,4,0.095,7.5,13,18526,1756,
2016/7/3,5,0.212,4.0,16,1756,372,
2016/7/10,1,0.204,4.4,13,6177735,1262481,
2016/7/10,2,0.030,23.0,15,1262481,37244,
2016/7/10,3,0.168,5.3,12,37244,6255,
2016/7/10,4,0.307,3.3,15,6255,1920,
2016/7/10,5,0.137,5.9,16,1920,264,
2016/7/17,1,0.128,5.9,8,6513569,830515,
2016/7/17,2,0.126,5.6,16,830515,104616,
2016/7/17,3,0.138,7.4,16,104616,14487,
2016/7/17,4,0.287,3.3,12,14487,4159,
2016/7/17,5,0.120,7.6,13,4159,498,
2016/7/24,1,0.061,11.7,15,6271793,382968,
2016/7/24,2,0.192,4.0,15,382968,73491,
2016/7/24,3,0.140,7.2,16,73491,10293,
2016/7/24,4,0.066,11.7,16,10293,683,
2016/7/24,5,0.209,4.1,9,683,143,
2016/7/31,1,0.040,20.2,13,6620029,267949,
2016/7/31,2,0.055,11.5,9,267949,14776,
2016/7/31,3,0.292,2.4,13,14776,4314,
2016/7/31,4,0.094,12.4,15,4314,404,
2016/7/31,5,0.089,15.3,15,404,36,
2016/8/7,1,0.170,4.7,14,5988669,1018019,
2016/8/7,2,0.013,36.6,12,1018019,13105,
2016/8/7,3,0.308,2.7,13,13105,4035,
2016/8/7,4,0.015,71.3,10,4035,62,
2016/8/7,5,0.177,3.6,15,62,11,
2016/8/14,1,0.023,28.5,12,5581723,129938,
2016/8/14,2,0.138,5.9,11,129938,17967,
2016/8/14,3,0.144,6.1,18,17967,2584,
2016/8/14,4,0.193,3.7,16,2584,500,
2016/8/14,5,0.074,11.8,18,500,37,
2016/8/21,1,0.026,21.7,12,6258661,164862,
2016/8/21,2,0.071,12.3,15,164862,11708,
2016/8/21,3,0.072,17.2,16,11708,842,
2016/8/21,4,0.005,146.4,16,842,4,
2016/8/21,5,0.250,3.7,17,4,1,
2016/8/28,1,0.080,9.6,9,5979798,475813,
2016/8/28,2,0.143,5.6,14,475813,67859,
2016/8/28,3,0.133,6.5,15,67859,9000,
2016/8/28,4,0.250,3.6,13,9000,2252,
2016/8/28,5,0.206,4.0,15,2252,464,
2016/9/4,1,0.119,8.3,13,5609086,665317,
2016/9/4,2,0.241,3.9,15,665317,160342,
2016/9/4,3,0.147,6.1,18,160342,23577,
2016/9/4,4,0.380,2.3,16,23577,8950,
2016/9/4,5,0.030,17.3,18,8950,265,
2016/9/11,1,0.379,1.9,10,5686641,2156809,
2016/9/11,2,0.594,1.6,8,2156809,1282193,
2016/9/11,3,0.012,37.4,16,1282193,15890,
2016/9/11,4,0.415,2.1,13,15890,6587,
2016/9/11,5,0.185,2.8,15,6587,1220,
2016/9/18,1,0.012,77.9,16,6363485,78572,
2016/9/18,2,0.291,2.3,11,78572,22838,
2016/9/18,3,0.070,17.4,14,22838,1598,
2016/9/18,4,0.533,1.6,15,1598,852,
2016/9/18,5,0.717,1.4,12,852,611,
2016/9/25,1,0.197,3.5,8,7249715,1428452,
2016/9/25,2,0.066,12.1,13,1428452,94574,
2016/9/25,3,0.101,8.4,16,94574,9524,
2016/9/25,4,0.666,1.2,15,9524,6340,
2016/9/25,5,0.427,2.0,12,6340,2709,
2016/10/2,1,0.049,17.7,12,5993573,295055,
2016/10/2,2,0.081,11.8,16,295055,23906,
2016/10/2,3,0.138,5.5,16,23906,3297,
2016/10/2,4,0.106,7.3,13,3297,350,
2016/10/2,5,0.089,9.2,16,350,31,
2016/10/9,1,0.193,3.9,13,5537355,1071239,
2016/10/9,2,0.110,7.7,13,1071239,117943,
2016/10/9,3,0.021,28.4,16,117943,2496,
2016/10/9,4,0.010,71.1,13,2496,24,
2016/10/9,5,0.250,3.3,12,24,6,
2016/10/10,1,0.052,16.9,15,5652756,291713,
2016/10/10,2,0.090,9.0,10,291713,26337,
2016/10/10,3,0.320,2.0,10,26337,8435,
2016/10/10,4,0.419,1.8,10,8435,3531,
2016/10/10,5,0.058,14.5,16,3531,205,
2016/10/16,1,0.245,3.3,13,6363634,1559959,
2016/10/16,2,0.616,1.6,7,1559959,961364,
2016/10/16,3,0.266,3.1,17,961364,255734,
2016/10/16,4,0.180,5.3,14,255734,46151,
2016/10/16,5,0.137,6.3,18,46151,6341,
2016/10/23,1,0.230,2.9,8,6866710,1580310,
2016/10/23,2,0.075,9.3,13,1580310,119162,
2016/10/23,3,0.035,14.6,14,119162,4203,
2016/10/23,4,0.124,7.1,16,4203,523,
2016/10/23,5,0.302,2.3,18,523,158,
2016/10/30,1,0.212,3.7,15,6920624,1469641,
2016/10/30,2,0.324,2.7,11,1469641,476329,
2016/10/30,3,0.053,11.8,14,476329,25359,
2016/10/30,4,0.106,7.9,12,25359,2698,
2016/10/30,5,0.203,3.6,15,2698,549,
2016/11/6,1,0.499,1.7,15,6273281,3129248,
2016/11/6,2,0.274,3.3,9,3129248,858257,
2016/11/6,3,0.075,10.0,16,858257,64287,
2016/11/6,4,0.203,3.9,15,64287,13036,
2016/11/6,5,0.111,7.6,16,13036,1445,
2016/11/13,1,0.533,1.6,14,6651746,3547993,
2016/11/13,2,0.292,2.6,13,3547993,1037077,
2016/11/13,3,0.058,14.5,16,1037077,59748,
2016/11/13,4,0.042,15.2,18,59748,2511,
2016/11/13,5,0.164,6.1,15,2511,413,
2016/11/20,1,0.254,3.3,16,6193855,1573439,
2016/11/20,2,0.182,5.1,15,1573439,286413,
2016/11/20,3,0.018,18.5,15,286413,5242,
2016/11/20,4,0.175,4.9,16,5242,918,
2016/11/20,5,0.108,5.9,18,918,99,
2016/11/27,1,0.030,22.5,16,6714927,204324,
2016/11/27,2,0.075,10.5,12,204324,15251,
2016/11/27,3,0.269,3.1,16,15251,4106,
2016/11/27,4,0.167,3.8,17,4106,685,
2016/11/27,5,0.210,4.1,18,685,144,
2016/12/4,1,0.048,20.4,18,6380689,305031,
2016/12/4,2,0.077,9.3,10,305031,23495,
2016/12/4,3,0.305,3.1,12,23495,7167,
2016/12/4,4,0.064,15.9,15,7167,458,
2016/12/4,5,0.186,7.1,14,458,85,
2016/12/11,1,0.532,1.3,13,6538633,3476194,
2016/12/11,2,0.231,3.0,13,3476194,803509,
2016/12/11,3,0.172,4.9,16,803509,138152,
2016/12/11,4,0.524,1.7,9,138152,72359,
2016/12/11,5,0.323,2.8,18,72359,23392,
2016/12/18,1,0.041,13.7,18,6373561,260857,
2016/12/18,2,0.506,1.8,10,260857,132055,
2016/12/18,3,0.206,3.3,14,132055,27251,
2016/12/18,4,0.329,2.6,13,27251,8972,
2016/12/18,5,0.086,14.2,18,8972,775,
2016/12/23,1,0.376,2.2,15,4250823,1596429,
2016/12/23,2,0.643,1.4,11,1596429,1026418,
2016/12/23,3,0.031,17.7,15,1026418,31615,
2016/12/23,4,0.417,2.1,8,31615,13195,
2016/12/23,5,0.132,6.4,18,13195,1741,
2016/12/25,1,0.302,2.0,15,9943665,3002702,
2016/12/25,2,0.052,13.2,10,3002702,155126,
2016/12/25,3,0.452,1.5,14,155126,70192,
2016/12/25,4,0.034,26.0,15,70192,2394,
2016/12/25,5,0.365,2.6,16,2394,874,
2017/1/5,1,0.518,1.6,15,5124960,2655605,
2017/1/5,2,0.250,3.7,13,2655605,664003,
2017/1/5,3,0.160,5.1,12,664003,106459,
2017/1/5,4,0.339,2.8,13,106459,36111,
2017/1/5,5,0.423,1.8,18,36111,15259,
2017/1/8,1,0.030,20.0,12,6114552,184328,
2017/1/8,2,0.267,2.8,16,184328,49221,
2017/1/8,3,0.251,3.1,9,49221,12335,
2017/1/8,4,0.022,36.0,16,12335,274,
2017/1/8,5,0.022,27.4,15,274,6,
2017/1/22,1,0.146,5.4,14,6119184,895678,
2017/1/22,2,0.044,20.4,16,895678,39716,
2017/1/22,3,0.304,2.6,16,39716,12058,
2017/1/22,4,0.023,21.8,14,12058,275,
2017/1/22,5,0.058,14.7,16,275,16,
2017/1/29,1,0.479,1.7,9,6305739,3020649,
2017/1/29,2,0.540,1.7,13,3020649,1630008,
2017/1/29,3,0.178,5.1,10,1630008,289337,
2017/1/29,4,0.123,6.7,13,289337,35459,
2017/1/29,5,0.227,3.0,16,35459,8050,
2017/2/5,1,0.079,7.8,6,7402270,588184,
2017/2/5,2,0.137,5.2,14,588184,80706,
2017/2/5,3,0.005,230.3,16,80706,407,
2017/2/5,4,0.118,17.2,7,407,48,
2017/2/5,5,0.146,6.4,10,48,7,
2017/2/12,1,0.196,5.0,12,5989106,1171370,
2017/2/12,2,0.223,4.1,16,1171370,260729,
2017/2/12,3,0.071,9.4,14,260729,18383,
2017/2/12,4,0.158,4.4,10,18383,2900,
2017/2/12,5,0.284,3.1,11,2900,825,
2017/2/19,1,0.057,12.0,10,6208290,354822,
2017/2/19,2,0.289,2.4,14,354822,102675,
2017/2/19,3,0.077,7.8,16,102675,7939,
2017/2/19,4,0.083,12.1,13,7939,661,
2017/2/19,5,0.165,5.0,16,661,109,
2017/2/26,1,0.091,13.2,15,6704325,610107,
2017/2/26,2,0.142,5.0,15,610107,86381,
2017/2/26,3,0.237,3.5,10,86381,20462,
2017/2/26,4,0.031,25.7,12,20462,638,
2017/2/26,5,0.129,7.1,11,638,82,
2017/3/5,1,0.100,8.3,16,6442437,641971,
2017/3/5,2,0.064,12.8,16,641971,41158,
2017/3/5,3,0.163,4.6,14,41158,6690,
2017/3/5,4,0.237,2.5,16,6690,1586,
2017/3/5,5,0.214,3.3,12,1586,339,
2017/3/12,1,0.179,4.3,9,6769501,1211235,
2017/3/12,2,0.574,1.5,10,1211235,695607,
2017/3/12,3,0.170,4.8,17,695607,118106,
2017/3/12,4,0.249,3.8,18,118106,29355,
2017/3/12,5,0.051,12.5,16,29355,1498,
2017/3/19,1,0.300,1.9,13,7334374,2200586,
2017/3/19,2,0.179,5.2,11,2200586,394027,
2017/3/19,3,0.026,27.9,16,394027,10379,
2017/3/19,4,0.782,1.1,10,10379,8115,
2017/3/19,5,0.143,8.1,11,8115,1161,
2017/3/20,1,0.199,4.5,13,5725722,1137889,
2017/3/20,2,0.219,3.1,17,1137889,248980,
2017/3/20,3,0.279,3.2,10,248980,69554,
2017/3/20,4,0.400,2.2,13,69554,27789,
2017/3/20,5,0.753,1.3,13,27789,20912,
2017/3/26,1,0.006,91.6,16,6253560,39498,
2017/3/26,2,0.181,4.0,9,39498,7164,
2017/3/26,3,0.322,2.6,11,7164,2309,
2017/3/26,4,0.019,25.4,16,2309,45,
2017/3/26,5,0.133,8.7,18,45,6,
2017/4/2,1,0.249,2.1,7,6260233,1558956,
2017/4/2,2,0.396,2.4,8,1558956,616769,
2017/4/2,3,0.133,5.2,8,616769,81988,
2017/4/2,4,0.071,11.2,16,81988,5808,
2017/4/2,5,0.304,2.4,14,5808,1768,
2017/4/9,1,0.082,12.7,16,6675259,546038,
2017/4/9,2,0.125,7.4,12,546038,68330,
2017/4/9,3,0.121,7.2,15,68330,8277,
2017/4/9,4,0.132,6.0,13,8277,1096,
2017/4/9,5,0.011,40.8,17,1096,12,
2017/4/16,1,0.203,4.4,16,6137305,1247649,
2017/4/16,2,0.054,17.1,15,1247649,67512,
2017/4/16,3,0.047,13.2,16,67512,3164,
2017/4/16,4,0.122,7.5,13,3164,385,
2017/4/16,5,0.062,22.4,18,385,24,
2017/4/23,1,0.055,14.4,12,5636123,309161,
2017/4/23,2,0.201,3.8,16,309161,62214,
2017/4/23,3,0.063,14.0,13,62214,3902,
2017/4/23,4,0.193,3.8,11,3902,753,
2017/4/23,5,0.021,37.2,18,753,16,
2017/4/30,1,0.330,2.4,11,6441497,2126510,
2017/4/30,2,0.016,27.3,16,2126510,33533,
2017/4/30,3,0.014,32.5,14,33533,474,
2017/4/30,4,0.080,6.4,18,474,38,
2017/4/30,5,0.368,2.2,17,38,14,
2017/5/7,1,0.083,10.7,12,5415769,450233,
2017/5/7,2,0.205,4.0,16,450233,92133,
2017/5/7,3,0.170,5.5,16,92133,15647,
2017/5/7,4,0.153,7.5,18,15647,2389,
2017/5/7,5,0.158,5.8,18,2389,377,
2017/5/14,1,0.229,3.7,10,5664445,1298388,
2017/5/14,2,0.039,16.7,13,1298388,50069,
2017/5/14,3,0.167,5.3,14,50069,8363,
2017/5/14,4,0.101,7.6,16,8363,843,
2017/5/14,5,0.057,13.5,17,843,48,
2017/5/21,1,0.016,33.6,10,5802611,94703,
2017/5/21,2,0.028,32.9,18,94703,2617,
2017/5/21,3,0.094,5.5,16,2617,247,
2017/5/21,4,0.211,4.5,11,247,52,
2017/5/21,5,0.269,2.4,18,52,14,
2017/5/28,1,0.300,2.4,16,5795081,1739035,
2017/5/28,2,0.223,4.1,16,1739035,388188,
2017/5/28,3,0.104,6.5,14,388188,40498,
2017/5/28,4,0.060,10.5,16,40498,2413,
2017/5/28,5,0.167,5.3,18,2413,403,
2017/6/4,1,0.402,2.1,10,5561603,2237963,
2017/6/4,2,0.382,2.2,16,2237963,855732,
2017/6/4,3,0.484,1.7,14,855732,414333,
2017/6/4,4,0.014,18.5,9,414333,5827,
2017/6/4,5,0.094,12.4,18,5827,549,
2017/6/11,1,0.161,5.8,16,5489403,884149,
2017/6/11,2,0.092,10.0,16,884149,81708,
2017/6/11,3,0.324,3.1,11,81708,26479,
2017/6/11,4,0.172,5.7,12,26479,4545,
2017/6/11,5,0.064,11.4,18,4545,289,
2017/6/18,1,0.185,4.8,13,5735360,1058201,
2017/6/18,2,0.266,3.0,12,1058201,281052,
2017/6/18,3,0.102,7.2,13,281052,28538,
2017/6/18,4,0.289,2.9,9,28538,8249,
2017/6/18,5,0.169,4.9,16,8249,1392,
2017/6/25,1,0.255,3.0,16,7509862,1916018,
2017/6/25,2,0.102,7.9,13,1916018,195042,
2017/6/25,3,0.011,44.2,15,195042,2179,
2017/6/25,4,0.089,9.3,9,2179,194,
2017/6/25,5,0.082,9.0,11,194,16,
2017/7/2,1,0.155,5.1,16,6196102,962909,
2017/7/2,2,0.042,19.8,16,962909,40200,
2017/7/2,3,0.576,1.5,8,40200,23162,
2017/7/2,4,0.128,5.7,18,23162,2967,
2017/7/2,5,0.136,4.4,12,2967,404,
2017/7/9,1,0.258,2.2,10,6479899,1671120,
2017/7/9,2,0.386,2.0,10,1671120,644965,
2017/7/9,3,0.636,1.5,14,644965,410139,
2017/7/9,4,0.129,7.0,15,410139,52769,
2017/7/9,5,0.268,3.4,12,52769,14126,
2017/7/16,1,0.188,5.3,15,5949497,1116524,
2017/7/16,2,0.338,2.8,15,1116524,377774,
2017/7/16,3,0.089,9.0,16,377774,33574,
2017/7/16,4,0.306,2.3,15,33574,10270,
2017/7/16,5,0.257,3.4,9,10270,2636,
2017/7/23,1,0.147,5.7,15,5441729,798393,
2017/7/23,2,0.179,6.1,15,798393,142523,
2017/7/23,3,0.277,3.0,15,142523,39450,
2017/7/23,4,0.083,9.0,16,39450,3275,
2017/7/23,5,0.208,3.8,7,3275,681,
2017/7/30,1,0.317,3.2,13,6068628,1923991,
2017/7/30,2,0.186,4.9,16,1923991,358416,
2017/7/30,3,0.013,38.7,16,358416,4496,
2017/7/30,4,0.323,3.0,11,4496,1452,
2017/7/30,5,0.115,6.1,15,1452,167,
2017/8/6,1,0.176,5.2,11,5896342,1035197,
2017/8/6,2,0.161,7.1,13,1035197,166247,
2017/8/6,3,0.014,66.3,14,166247,2269,
2017/8/6,4,0.336,2.2,11,2269,762,
2017/8/6,5,0.018,38.2,15,762,14,
2017/8/13,1,0.057,12.2,14,5372673,305223,
2017/8/13,2,0.168,4.6,10,305223,51209,
2017/8/13,3,0.049,12.1,16,51209,2486,
2017/8/13,4,0.220,2.7,13,2486,547,
2017/8/13,5,0.069,9.0,17,547,38,
2017/8/20,1,0.175,5.7,18,5330319,930204,
2017/8/20,2,0.125,6.0,15,930204,116216,
2017/8/20,3,0.028,19.9,13,116216,3255,
2017/8/20,4,0.200,5.7,18,3255,651,
2017/8/20,5,0.089,9.6,15,651,58,
2017/8/27,1,0.208,4.9,12,5399762,1125239,
2017/8/27,2,0.041,21.2,13,1125239,45966,
2017/8/27,3,0.122,7.2,15,45966,5614,
2017/8/27,4,0.129,7.7,14,5614,725,
2017/8/27,5,0.062,11.8,15,725,45,
2017/9/3,1,0.169,5.2,14,5452997,922131,
2017/9/3,2,0.148,7.0,18,922131,136862,
2017/9/3,3,0.070,12.0,17,136862,9592,
2017/9/3,4,0.018,51.4,14,9592,171,
2017/9/3,5,0.053,13.4,18,171,9,
2017/9/10,1,0.281,3.1,9,4992322,1400433,
2017/9/10,2,0.189,4.1,8,1400433,264795,
2017/9/10,3,0.328,2.2,16,264795,86767,
2017/9/10,4,0.314,3.1,14,86767,27205,
2017/9/10,5,0.320,3.0,15,27205,8697,
2017/9/17,1,0.067,15.9,17,4576738,307491,
2017/9/17,2,0.229,3.5,11,307491,70473,
2017/9/17,3,0.041,19.2,15,70473,2889,
2017/9/17,4,0.017,26.4,18,2889,50,
2017/9/17,5,0.160,5.2,16,50,8,
2017/9/18,1,0.207,3.8,12,4555650,942746,
2017/9/18,2,0.321,2.3,12,942746,302879,
2017/9/18,3,0.281,2.8,14,302879,85053,
2017/9/18,4,0.262,2.8,12,85053,22269,
2017/9/18,5,0.141,6.1,15,22269,3145,
2017/9/24,1,0.196,4.6,8,5707988,1119767,
2017/9/24,2,0.149,6.8,14,1119767,166881,
2017/9/24,3,0.057,12.3,9,166881,9523,
2017/9/24,4,0.268,2.2,14,9523,2551,
2017/9/24,5,0.077,7.8,17,2551,196,
2017/10/1,1,0.396,2.1,9,5730505,2271504,
2017/10/1,2,0.588,1.4,14,2271504,1335028,
2017/10/1,3,0.057,15.0,16,1335028,76072,
2017/10/1,4,0.017,32.5,13,76072,1312,
2017/10/1,5,0.213,3.2,16,1312,279,
2017/10/8,1,0.063,14.3,12,5435328,342000,
2017/10/8,2,0.188,5.8,13,342000,64396,
2017/10/8,3,0.223,4.4,16,64396,14334,
2017/10/8,4,0.337,2.3,13,14334,4827,
2017/10/8,5,0.147,5.8,12,4827,709,
2017/10/9,1,0.014,39.2,11,4792226,66447,
2017/10/9,2,0.076,10.6,8,66447,5031,
2017/10/9,3,0.099,10.6,12,5031,499,
2017/10/9,4,0.094,8.6,15,499,47,
2017/10/9,5,0.128,3.3,16,47,6,
2017/10/15,1,0.228,3.9,16,5483368,1251478,
2017/10/15,2,0.102,6.8,16,1251478,128157,
2017/10/15,3,0.267,2.9,14,128157,34201,
2017/10/15,4,0.312,3.1,12,34201,10671,
2017/10/15,5,0.170,6.3,18,10671,1817,
2017/10/22,1,0.237,3.1,8,5614532,1333443,
2017/10/22,2,0.176,4.3,16,1333443,234432,
2017/10/22,3,0.089,9.2,15,234432,20846,
2017/10/22,4,0.074,11.5,16,20846,1542,
2017/10/22,5,0.224,4.5,18,1542,346,
2017/10/29,1,0.045,16.3,16,5875606,262633,
2017/10/29,2,0.037,22.0,12,262633,9779,
2017/10/29,3,0.144,5.2,18,9779,1405,
2017/10/29,4,0.125,7.7,12,1405,176,
2017/10/29,5,0.233,3.1,18,176,41,
2017/11/3,1,0.270,3.4,13,3008360,811790,
2017/11/3,2,0.079,11.1,16,811790,63878,
2017/11/3,3,0.147,6.2,16,63878,9412,
2017/11/3,4,0.058,18.1,16,9412,542,
2017/11/3,5,0.089,7.6,13,542,48,
2017/11/5,1,0.099,9.7,18,5592913,553924,
2017/11/5,2,0.068,7.1,12,553924,37807,
2017/11/5,3,0.659,1.4,7,37807,24899,
2017/11/5,4,0.368,2.0,16,24899,9162,
2017/11/5,5,0.335,3.1,15,9162,3071,
2017/11/12,1,0.059,12.4,18,5367150,314373,
2017/11/12,2,0.007,124.9,12,314373,2352,
2017/11/12,3,0.134,5.4,15,2352,315,
2017/11/12,4,0.108,8.4,15,315,34,
2017/11/12,5,0.088,7.7,18,34,3,
2017/11/19,1,0.238,3.4,16,5154251,1225363,
2017/11/19,2,0.035,16.0,14,1225363,42995,
2017/11/19,3,0.110,6.9,14,42995,4750,
2017/11/19,4,0.289,3.1,16,4750,1373,
2017/11/19,5,0.068,8.8,18,1373,94,
2017/11/26,1,0.146,6.2,16,6318786,919617,
2017/11/26,2,0.300,1.9,15,919617,275834,
2017/11/26,3,0.046,10.3,10,275834,12702,
2017/11/26,4,0.201,4.6,13,12702,2556,
2017/11/26,5,0.066,13.3,17,2556,168,
2017/12/3,1,0.255,2.6,18,5901390,1503427,
2017/12/3,2,0.583,1.7,14,1503427,877185,
2017/12/3,3,0.126,7.1,12,877185,110205,
2017/12/3,4,0.066,13.0,15,110205,7239,
2017/12/3,5,0.075,9.4,11,7239,542,
2017/12/10,1,0.404,2.3,7,6126816,2473258,
2017/12/10,2,0.028,23.0,11,2473258,69092,
2017/12/10,3,0.148,6.6,16,69092,10194,
2017/12/10,4,0.204,3.6,13,10194,2077,
2017/12/10,5,0.294,4.1,18,2077,611,
2017/12/17,1,0.171,5.2,18,6503228,1112009,
2017/12/17,2,0.212,4.4,17,1112009,235196,
2017/12/17,3,0.074,8.5,12,235196,17373,
2017/12/17,4,0.194,6.2,16,17373,3373,
2017/12/17,5,0.409,2.3,16,3373,1380,
2017/12/24,1,0.119,6.5,14,9130200,1090956,
2017/12/24,2,0.302,3.3,9,1090956,329094,
2017/12/24,3,0.130,8.4,16,329094,42756,
2017/12/24,4,0.004,54.4,10,42756,156,
2017/12/24,5,0.256,1.9,16,156,40,
2017/12/28,1,0.150,5.5,13,6481304,973301,
2017/12/28,2,0.202,4.2,16,973301,196380,
2017/12/28,3,0.170,5.9,16,196380,33480,
2017/12/28,4,0.143,6.7,16,33480,4775,
2017/12/28,5,0.027,15.6,15,4775,130,
2018/1/6,1,0.037,18.3,8,5045962,185461,
2018/1/6,2,0.504,1.6,8,185461,93453,
2018/1/6,3,0.231,3.6,10,93453,21567,
2018/1/6,4,0.211,2.5,17,21567,4552,
2018/1/6,5,0.089,6.4,13,4552,407,
2018/1/7,1,0.220,4.3,14,5779810,1274236,
2018/1/7,2,0.081,9.8,16,1274236,102741,
2018/1/7,3,0.234,4.1,9,102741,24008,
2018/1/7,4,0.152,4.6,16,24008,3656,
2018/1/7,5,0.037,17.0,9,3656,136,
2018/1/8,1,0.153,5.3,11,6119714,935613,
2018/1/8,2,0.416,1.8,9,935613,388944,
2018/1/8,3,0.082,8.6,16,388944,31972,
2018/1/8,4,0.432,1.9,9,31972,13816,
2018/1/8,5,0.276,2.9,11,13816,3817,
2018/1/14,1,0.426,2.0,10,6350768,2707975,
2018/1/14,2,0.178,4.1,9,2707975,481704,
2018/1/14,3,0.063,9.6,18,481704,30344,
2018/1/14,4,0.219,3.5,15,30344,6636,
2018/1/14,5,0.221,3.7,12,6636,1465,
2018/1/21,1,0.068,9.6,13,7414649,507239,
2018/1/21,2,0.069,12.1,15,507239,34928,
2018/1/21,3,0.673,1.3,16,34928,23497,
2018/1/21,4,0.127,7.6,11,23497,2988,
2018/1/21,5,0.240,3.9,11,2988,718,
2018/1/28,1,0.222,3.5,11,6566920,1458701,
2018/1/28,2,0.158,4.8,10,1458701,230140,
2018/1/28,3,0.168,4.3,11,230140,38604,
2018/1/28,4,0.135,7.7,18,38604,5222,
2018/1/28,5,0.050,10.5,13,5222,263,
2018/2/4,1,0.190,3.3,14,6597868,1251616,
2018/2/4,2,0.279,3.1,10,1251616,349781,
2018/2/4,3,0.023,22.6,16,349781,7956,
2018/2/4,4,0.073,6.9,10,7956,581,
2018/2/4,5,0.145,5.5,16,581,84,
2018/2/11,1,0.171,4.1,16,7029196,1203206,
2018/2/11,2,0.265,2.8,9,1203206,318740,
2018/2/11,3,0.104,9.7,16,318740,33176,
2018/2/11,4,0.061,10.5,10,33176,2029,
2018/2/11,5,0.055,13.6,12,2029,112,
2018/2/18,1,0.187,4.5,7,6889805,1288289,
2018/2/18,2,0.143,5.8,11,1288289,184165,
2018/2/18,3,0.264,2.3,15,184165,48668,
2018/2/18,4,0.020,22.8,15,48668,966,
2018/2/18,5,0.100,10.7,16,966,97,
2018/2/25,1,0.081,10.6,16,6802568,549681,
2018/2/25,2,0.218,3.4,10,549681,119566,
2018/2/25,3,0.157,6.0,11,119566,18717,
2018/2/25,4,0.034,16.8,18,18717,645,
2018/2/25,5,0.157,5.3,10,645,101,
2018/3/4,1,0.283,2.9,10,7832857,2213676,
2018/3/4,2,0.253,3.6,16,2213676,559603,
2018/3/4,3,0.039,14.1,14,559603,21934,
2018/3/4,4,0.175,5.1,12,21934,3845,
2018/3/4,5,0.444,1.8,10,3845,1707,
